date,price_usd_per_mmbtu,source
2015-10-06,2.35,FRED:DHHNGSP
2015-10-07,2.35,FRED:DHHNGSP
2015-10-08,2.35,FRED:DHHNGSP
2015-10-09,2.49,FRED:DHHNGSP
2015-10-12,2.48,FRED:DHHNGSP
2015-10-13,2.47,FRED:DHHNGSP
2015-10-14,2.47,FRED:DHHNGSP
2015-10-15,2.54,FRED:DHHNGSP
2015-10-16,2.42,FRED:DHHNGSP
2015-10-19,2.43,FRED:DHHNGSP
2015-10-20,2.46,FRED:DHHNGSP
2015-10-21,2.37,FRED:DHHNGSP
2015-10-22,2.37,FRED:DHHNGSP
2015-10-23,2.28,FRED:DHHNGSP
2015-10-26,2.18,FRED:DHHNGSP
2015-10-27,2.14,FRED:DHHNGSP
2015-10-28,2.14,FRED:DHHNGSP
2015-10-29,2.15,FRED:DHHNGSP
2015-10-30,1.98,FRED:DHHNGSP
2015-11-02,1.92,FRED:DHHNGSP
2015-11-03,1.92,FRED:DHHNGSP
2015-11-04,2.04,FRED:DHHNGSP
2015-11-05,2.04,FRED:DHHNGSP
2015-11-06,2.19,FRED:DHHNGSP
2015-11-09,2.19,FRED:DHHNGSP
2015-11-10,2.14,FRED:DHHNGSP
2015-11-11,2.13,FRED:DHHNGSP
2015-11-12,2.05,FRED:DHHNGSP
2015-11-13,2.02,FRED:DHHNGSP
2015-11-16,2.02,FRED:DHHNGSP
2015-11-17,2.05,FRED:DHHNGSP
2015-11-18,2.10,FRED:DHHNGSP
2015-11-19,2.10,FRED:DHHNGSP
2015-11-20,2.18,FRED:DHHNGSP
2015-11-23,2.18,FRED:DHHNGSP
2015-11-24,2.14,FRED:DHHNGSP
2015-11-25,2.14,FRED:DHHNGSP
2015-11-26,2.14,FRED:DHHNGSP
2015-11-27,2.14,FRED:DHHNGSP
2015-11-30,2.11,FRED:DHHNGSP
2015-12-01,2.11,FRED:DHHNGSP
2015-12-02,2.19,FRED:DHHNGSP
2015-12-03,2.14,FRED:DHHNGSP
2015-12-04,2.10,FRED:DHHNGSP
2015-12-07,2.06,FRED:DHHNGSP
2015-12-08,2.01,FRED:DHHNGSP
2015-12-09,2.00,FRED:DHHNGSP
2015-12-10,1.95,FRED:DHHNGSP
2015-12-11,1.79,FRED:DHHNGSP
2015-12-14,1.70,FRED:DHHNGSP
2015-12-15,1.66,FRED:DHHNGSP
2015-12-16,1.70,FRED:DHHNGSP
2015-12-17,1.79,FRED:DHHNGSP
2015-12-18,1.74,FRED:DHHNGSP
2015-12-21,1.76,FRED:DHHNGSP
2015-12-22,1.73,FRED:DHHNGSP
2015-12-23,1.63,FRED:DHHNGSP
2015-12-24,1.63,FRED:DHHNGSP
2015-12-25,1.63,FRED:DHHNGSP
2015-12-28,2.11,FRED:DHHNGSP
2015-12-29,2.39,FRED:DHHNGSP
2015-12-30,2.28,FRED:DHHNGSP
2015-12-31,2.28,FRED:DHHNGSP
2016-01-01,2.28,FRED:DHHNGSP
2016-01-04,2.39,FRED:DHHNGSP
2016-01-05,2.33,FRED:DHHNGSP
2016-01-06,2.37,FRED:DHHNGSP
2016-01-07,2.35,FRED:DHHNGSP
2016-01-08,2.47,FRED:DHHNGSP
2016-01-11,2.54,FRED:DHHNGSP
2016-01-12,2.40,FRED:DHHNGSP
2016-01-13,2.28,FRED:DHHNGSP
2016-01-14,2.21,FRED:DHHNGSP
2016-01-15,2.18,FRED:DHHNGSP
2016-01-18,2.18,FRED:DHHNGSP
2016-01-19,2.23,FRED:DHHNGSP
2016-01-20,2.18,FRED:DHHNGSP
2016-01-21,2.22,FRED:DHHNGSP
2016-01-22,2.21,FRED:DHHNGSP
2016-01-25,2.16,FRED:DHHNGSP
2016-01-26,2.26,FRED:DHHNGSP
2016-01-27,2.26,FRED:DHHNGSP
2016-01-28,2.15,FRED:DHHNGSP
2016-01-29,2.28,FRED:DHHNGSP
2016-02-01,2.28,FRED:DHHNGSP
2016-02-02,2.07,FRED:DHHNGSP
2016-02-03,2.06,FRED:DHHNGSP
2016-02-04,2.07,FRED:DHHNGSP
2016-02-05,2.08,FRED:DHHNGSP
2016-02-08,2.23,FRED:DHHNGSP
2016-02-09,2.17,FRED:DHHNGSP
2016-02-10,2.16,FRED:DHHNGSP
2016-02-11,2.15,FRED:DHHNGSP
2016-02-12,2.08,FRED:DHHNGSP
2016-02-15,2.08,FRED:DHHNGSP
2016-02-16,1.95,FRED:DHHNGSP
2016-02-17,1.93,FRED:DHHNGSP
2016-02-18,1.89,FRED:DHHNGSP
2016-02-19,1.83,FRED:DHHNGSP
2016-02-22,1.86,FRED:DHHNGSP
2016-02-23,1.85,FRED:DHHNGSP
2016-02-24,1.85,FRED:DHHNGSP
2016-02-25,1.78,FRED:DHHNGSP
2016-02-26,1.78,FRED:DHHNGSP
2016-02-29,1.62,FRED:DHHNGSP
2016-03-01,1.57,FRED:DHHNGSP
2016-03-02,1.60,FRED:DHHNGSP
2016-03-03,1.59,FRED:DHHNGSP
2016-03-04,1.49,FRED:DHHNGSP
2016-03-07,1.56,FRED:DHHNGSP
2016-03-08,1.60,FRED:DHHNGSP
2016-03-09,1.61,FRED:DHHNGSP
2016-03-10,1.72,FRED:DHHNGSP
2016-03-11,1.74,FRED:DHHNGSP
2016-03-14,1.68,FRED:DHHNGSP
2016-03-15,1.81,FRED:DHHNGSP
2016-03-16,1.77,FRED:DHHNGSP
2016-03-17,1.84,FRED:DHHNGSP
2016-03-18,1.84,FRED:DHHNGSP
2016-03-21,1.79,FRED:DHHNGSP
2016-03-22,1.79,FRED:DHHNGSP
2016-03-23,1.79,FRED:DHHNGSP
2016-03-24,1.78,FRED:DHHNGSP
2016-03-25,1.78,FRED:DHHNGSP
2016-03-28,1.78,FRED:DHHNGSP
2016-03-29,1.77,FRED:DHHNGSP
2016-03-30,1.87,FRED:DHHNGSP
2016-03-31,1.98,FRED:DHHNGSP
2016-04-01,1.88,FRED:DHHNGSP
2016-04-04,1.96,FRED:DHHNGSP
2016-04-05,1.96,FRED:DHHNGSP
2016-04-06,1.91,FRED:DHHNGSP
2016-04-07,1.96,FRED:DHHNGSP
2016-04-08,1.99,FRED:DHHNGSP
2016-04-11,1.90,FRED:DHHNGSP
2016-04-12,1.97,FRED:DHHNGSP
2016-04-13,2.01,FRED:DHHNGSP
2016-04-14,1.93,FRED:DHHNGSP
2016-04-15,1.71,FRED:DHHNGSP
2016-04-18,1.76,FRED:DHHNGSP
2016-04-19,1.94,FRED:DHHNGSP
2016-04-20,1.94,FRED:DHHNGSP
2016-04-21,1.96,FRED:DHHNGSP
2016-04-22,1.92,FRED:DHHNGSP
2016-04-25,1.97,FRED:DHHNGSP
2016-04-26,1.97,FRED:DHHNGSP
2016-04-27,1.88,FRED:DHHNGSP
2016-04-28,1.88,FRED:DHHNGSP
2016-04-29,1.89,FRED:DHHNGSP
2016-05-02,1.91,FRED:DHHNGSP
2016-05-03,1.94,FRED:DHHNGSP
2016-05-04,2.03,FRED:DHHNGSP
2016-05-05,2.05,FRED:DHHNGSP
2016-05-06,1.86,FRED:DHHNGSP
2016-05-09,2.01,FRED:DHHNGSP
2016-05-10,2.01,FRED:DHHNGSP
2016-05-11,2.01,FRED:DHHNGSP
2016-05-12,2.01,FRED:DHHNGSP
2016-05-13,1.96,FRED:DHHNGSP
2016-05-16,1.91,FRED:DHHNGSP
2016-05-17,1.97,FRED:DHHNGSP
2016-05-18,1.91,FRED:DHHNGSP
2016-05-19,1.83,FRED:DHHNGSP
2016-05-20,1.81,FRED:DHHNGSP
2016-05-23,1.96,FRED:DHHNGSP
2016-05-24,1.91,FRED:DHHNGSP
2016-05-25,1.77,FRED:DHHNGSP
2016-05-26,1.77,FRED:DHHNGSP
2016-05-27,1.77,FRED:DHHNGSP
2016-05-30,1.77,FRED:DHHNGSP
2016-05-31,2.12,FRED:DHHNGSP
2016-06-01,2.25,FRED:DHHNGSP
2016-06-02,2.30,FRED:DHHNGSP
2016-06-03,2.31,FRED:DHHNGSP
2016-06-06,2.32,FRED:DHHNGSP
2016-06-07,2.32,FRED:DHHNGSP
2016-06-08,2.36,FRED:DHHNGSP
2016-06-09,2.34,FRED:DHHNGSP
2016-06-10,2.46,FRED:DHHNGSP
2016-06-13,2.55,FRED:DHHNGSP
2016-06-14,2.55,FRED:DHHNGSP
2016-06-15,2.62,FRED:DHHNGSP
2016-06-16,2.62,FRED:DHHNGSP
2016-06-17,2.59,FRED:DHHNGSP
2016-06-20,2.74,FRED:DHHNGSP
2016-06-21,2.79,FRED:DHHNGSP
2016-06-22,2.82,FRED:DHHNGSP
2016-06-23,2.69,FRED:DHHNGSP
2016-06-24,2.71,FRED:DHHNGSP
2016-06-27,2.79,FRED:DHHNGSP
2016-06-28,2.89,FRED:DHHNGSP
2016-06-29,2.94,FRED:DHHNGSP
2016-06-30,2.94,FRED:DHHNGSP
2016-07-01,2.89,FRED:DHHNGSP
2016-07-04,2.89,FRED:DHHNGSP
2016-07-05,2.82,FRED:DHHNGSP
2016-07-06,2.82,FRED:DHHNGSP
2016-07-07,2.78,FRED:DHHNGSP
2016-07-08,2.80,FRED:DHHNGSP
2016-07-11,2.88,FRED:DHHNGSP
2016-07-12,2.88,FRED:DHHNGSP
2016-07-13,2.81,FRED:DHHNGSP
2016-07-14,2.79,FRED:DHHNGSP
2016-07-15,2.70,FRED:DHHNGSP
2016-07-18,2.83,FRED:DHHNGSP
2016-07-19,2.83,FRED:DHHNGSP
2016-07-20,2.76,FRED:DHHNGSP
2016-07-21,2.76,FRED:DHHNGSP
2016-07-22,2.80,FRED:DHHNGSP
2016-07-25,2.80,FRED:DHHNGSP
2016-07-26,2.84,FRED:DHHNGSP
2016-07-27,2.84,FRED:DHHNGSP
2016-07-28,2.79,FRED:DHHNGSP
2016-07-29,2.97,FRED:DHHNGSP
2016-08-01,2.97,FRED:DHHNGSP
2016-08-02,2.79,FRED:DHHNGSP
2016-08-03,2.89,FRED:DHHNGSP
2016-08-04,2.89,FRED:DHHNGSP
2016-08-05,2.88,FRED:DHHNGSP
2016-08-08,2.85,FRED:DHHNGSP
2016-08-09,2.85,FRED:DHHNGSP
2016-08-10,2.76,FRED:DHHNGSP
2016-08-11,2.70,FRED:DHHNGSP
2016-08-12,2.70,FRED:DHHNGSP
2016-08-15,2.75,FRED:DHHNGSP
2016-08-16,2.75,FRED:DHHNGSP
2016-08-17,2.76,FRED:DHHNGSP
2016-08-18,2.75,FRED:DHHNGSP
2016-08-19,2.67,FRED:DHHNGSP
2016-08-22,2.75,FRED:DHHNGSP
2016-08-23,2.75,FRED:DHHNGSP
2016-08-24,2.82,FRED:DHHNGSP
2016-08-25,2.89,FRED:DHHNGSP
2016-08-26,2.91,FRED:DHHNGSP
2016-08-29,2.97,FRED:DHHNGSP
2016-08-30,2.95,FRED:DHHNGSP
2016-08-31,2.95,FRED:DHHNGSP
2016-09-01,2.95,FRED:DHHNGSP
2016-09-02,2.88,FRED:DHHNGSP
2016-09-05,2.88,FRED:DHHNGSP
2016-09-06,2.88,FRED:DHHNGSP
2016-09-07,2.77,FRED:DHHNGSP
2016-09-08,2.88,FRED:DHHNGSP
2016-09-09,2.93,FRED:DHHNGSP
2016-09-12,3.04,FRED:DHHNGSP
2016-09-13,3.04,FRED:DHHNGSP
2016-09-14,3.07,FRED:DHHNGSP
2016-09-15,2.98,FRED:DHHNGSP
2016-09-16,2.97,FRED:DHHNGSP
2016-09-19,3.00,FRED:DHHNGSP
2016-09-20,3.12,FRED:DHHNGSP
2016-09-21,3.19,FRED:DHHNGSP
2016-09-22,3.18,FRED:DHHNGSP
2016-09-23,3.06,FRED:DHHNGSP
2016-09-26,3.06,FRED:DHHNGSP
2016-09-27,3.09,FRED:DHHNGSP
2016-09-28,3.07,FRED:DHHNGSP
2016-09-29,2.98,FRED:DHHNGSP
2016-09-30,2.84,FRED:DHHNGSP
2016-10-03,2.84,FRED:DHHNGSP
2016-10-04,2.83,FRED:DHHNGSP
2016-10-05,2.83,FRED:DHHNGSP
2016-10-06,3.04,FRED:DHHNGSP
2016-10-07,3.02,FRED:DHHNGSP
2016-10-10,3.18,FRED:DHHNGSP
2016-10-11,3.17,FRED:DHHNGSP
2016-10-12,3.17,FRED:DHHNGSP
2016-10-13,3.16,FRED:DHHNGSP
2016-10-14,3.18,FRED:DHHNGSP
2016-10-17,3.21,FRED:DHHNGSP
2016-10-18,3.25,FRED:DHHNGSP
2016-10-19,3.18,FRED:DHHNGSP
2016-10-20,3.12,FRED:DHHNGSP
2016-10-21,2.92,FRED:DHHNGSP
2016-10-24,2.78,FRED:DHHNGSP
2016-10-25,2.69,FRED:DHHNGSP
2016-10-26,2.69,FRED:DHHNGSP
2016-10-27,2.72,FRED:DHHNGSP
2016-10-28,2.72,FRED:DHHNGSP
2016-10-31,2.85,FRED:DHHNGSP
2016-11-01,2.53,FRED:DHHNGSP
2016-11-02,2.53,FRED:DHHNGSP
2016-11-03,2.41,FRED:DHHNGSP
2016-11-04,2.20,FRED:DHHNGSP
2016-11-07,2.37,FRED:DHHNGSP
2016-11-08,2.34,FRED:DHHNGSP
2016-11-09,2.22,FRED:DHHNGSP
2016-11-10,2.08,FRED:DHHNGSP
2016-11-11,2.08,FRED:DHHNGSP
2016-11-14,2.26,FRED:DHHNGSP
2016-11-15,2.49,FRED:DHHNGSP
2016-11-16,2.49,FRED:DHHNGSP
2016-11-17,2.37,FRED:DHHNGSP
2016-11-18,2.60,FRED:DHHNGSP
2016-11-21,2.81,FRED:DHHNGSP
2016-11-22,2.73,FRED:DHHNGSP
2016-11-23,2.76,FRED:DHHNGSP
2016-11-24,2.76,FRED:DHHNGSP
2016-11-25,2.76,FRED:DHHNGSP
2016-11-28,2.96,FRED:DHHNGSP
2016-11-29,3.02,FRED:DHHNGSP
2016-11-30,3.32,FRED:DHHNGSP
2016-12-01,3.32,FRED:DHHNGSP
2016-12-02,3.44,FRED:DHHNGSP
2016-12-05,3.44,FRED:DHHNGSP
2016-12-06,3.75,FRED:DHHNGSP
2016-12-07,3.80,FRED:DHHNGSP
2016-12-08,3.68,FRED:DHHNGSP
2016-12-09,3.75,FRED:DHHNGSP
2016-12-12,3.60,FRED:DHHNGSP
2016-12-13,3.65,FRED:DHHNGSP
2016-12-14,3.55,FRED:DHHNGSP
2016-12-15,3.56,FRED:DHHNGSP
2016-12-16,3.51,FRED:DHHNGSP
2016-12-19,3.55,FRED:DHHNGSP
2016-12-20,3.39,FRED:DHHNGSP
2016-12-21,3.50,FRED:DHHNGSP
2016-12-22,3.50,FRED:DHHNGSP
2016-12-23,3.60,FRED:DHHNGSP
2016-12-26,3.60,FRED:DHHNGSP
2016-12-27,3.70,FRED:DHHNGSP
2016-12-28,3.70,FRED:DHHNGSP
2016-12-29,3.71,FRED:DHHNGSP
2016-12-30,3.71,FRED:DHHNGSP
2017-01-02,3.71,FRED:DHHNGSP
2017-01-03,3.41,FRED:DHHNGSP
2017-01-04,3.42,FRED:DHHNGSP
2017-01-05,3.42,FRED:DHHNGSP
2017-01-06,3.38,FRED:DHHNGSP
2017-01-09,3.14,FRED:DHHNGSP
2017-01-10,3.21,FRED:DHHNGSP
2017-01-11,3.27,FRED:DHHNGSP
2017-01-12,3.36,FRED:DHHNGSP
2017-01-13,3.36,FRED:DHHNGSP
2017-01-16,3.36,FRED:DHHNGSP
2017-01-17,3.37,FRED:DHHNGSP
2017-01-18,3.26,FRED:DHHNGSP
2017-01-19,3.25,FRED:DHHNGSP
2017-01-20,3.23,FRED:DHHNGSP
2017-01-23,3.16,FRED:DHHNGSP
2017-01-24,3.16,FRED:DHHNGSP
2017-01-25,3.26,FRED:DHHNGSP
2017-01-26,3.44,FRED:DHHNGSP
2017-01-27,3.31,FRED:DHHNGSP
2017-01-30,3.22,FRED:DHHNGSP
2017-01-31,3.00,FRED:DHHNGSP
2017-02-01,3.15,FRED:DHHNGSP
2017-02-02,3.13,FRED:DHHNGSP
2017-02-03,3.13,FRED:DHHNGSP
2017-02-06,2.92,FRED:DHHNGSP
2017-02-07,3.03,FRED:DHHNGSP
2017-02-08,3.05,FRED:DHHNGSP
2017-02-09,3.11,FRED:DHHNGSP
2017-02-10,3.11,FRED:DHHNGSP
2017-02-13,2.93,FRED:DHHNGSP
2017-02-14,2.85,FRED:DHHNGSP
2017-02-15,2.95,FRED:DHHNGSP
2017-02-16,2.88,FRED:DHHNGSP
2017-02-17,2.75,FRED:DHHNGSP
2017-02-20,2.75,FRED:DHHNGSP
2017-02-21,2.56,FRED:DHHNGSP
2017-02-22,2.52,FRED:DHHNGSP
2017-02-23,2.63,FRED:DHHNGSP
2017-02-24,2.63,FRED:DHHNGSP
2017-02-27,2.44,FRED:DHHNGSP
2017-02-28,2.54,FRED:DHHNGSP
2017-03-01,2.54,FRED:DHHNGSP
2017-03-02,2.59,FRED:DHHNGSP
2017-03-03,2.50,FRED:DHHNGSP
2017-03-06,2.68,FRED:DHHNGSP
2017-03-07,2.68,FRED:DHHNGSP
2017-03-08,2.59,FRED:DHHNGSP
2017-03-09,2.83,FRED:DHHNGSP
2017-03-10,2.98,FRED:DHHNGSP
2017-03-13,3.04,FRED:DHHNGSP
2017-03-14,3.02,FRED:DHHNGSP
2017-03-15,3.02,FRED:DHHNGSP
2017-03-16,2.84,FRED:DHHNGSP
2017-03-17,2.85,FRED:DHHNGSP
2017-03-20,2.93,FRED:DHHNGSP
2017-03-21,3.09,FRED:DHHNGSP
2017-03-22,3.02,FRED:DHHNGSP
2017-03-23,2.93,FRED:DHHNGSP
2017-03-24,2.97,FRED:DHHNGSP
2017-03-27,2.94,FRED:DHHNGSP
2017-03-28,2.95,FRED:DHHNGSP
2017-03-29,3.03,FRED:DHHNGSP
2017-03-30,3.08,FRED:DHHNGSP
2017-03-31,3.13,FRED:DHHNGSP
2017-04-03,3.13,FRED:DHHNGSP
2017-04-04,3.06,FRED:DHHNGSP
2017-04-05,3.22,FRED:DHHNGSP
2017-04-06,3.23,FRED:DHHNGSP
2017-04-07,3.23,FRED:DHHNGSP
2017-04-10,3.15,FRED:DHHNGSP
2017-04-11,3.11,FRED:DHHNGSP
2017-04-12,2.97,FRED:DHHNGSP
2017-04-13,3.00,FRED:DHHNGSP
2017-04-14,3.00,FRED:DHHNGSP
2017-04-17,3.09,FRED:DHHNGSP
2017-04-18,3.11,FRED:DHHNGSP
2017-04-19,3.11,FRED:DHHNGSP
2017-04-20,3.13,FRED:DHHNGSP
2017-04-21,3.06,FRED:DHHNGSP
2017-04-24,3.06,FRED:DHHNGSP
2017-04-25,2.99,FRED:DHHNGSP
2017-04-26,3.06,FRED:DHHNGSP
2017-04-27,3.13,FRED:DHHNGSP
2017-04-28,3.20,FRED:DHHNGSP
2017-05-01,3.20,FRED:DHHNGSP
2017-05-02,3.13,FRED:DHHNGSP
2017-05-03,3.14,FRED:DHHNGSP
2017-05-04,3.11,FRED:DHHNGSP
2017-05-05,3.10,FRED:DHHNGSP
2017-05-08,3.06,FRED:DHHNGSP
2017-05-09,3.03,FRED:DHHNGSP
2017-05-10,3.03,FRED:DHHNGSP
2017-05-11,3.23,FRED:DHHNGSP
2017-05-12,3.24,FRED:DHHNGSP
2017-05-15,3.26,FRED:DHHNGSP
2017-05-16,3.27,FRED:DHHNGSP
2017-05-17,3.27,FRED:DHHNGSP
2017-05-18,3.13,FRED:DHHNGSP
2017-05-19,3.11,FRED:DHHNGSP
2017-05-22,3.24,FRED:DHHNGSP
2017-05-23,3.22,FRED:DHHNGSP
2017-05-24,3.22,FRED:DHHNGSP
2017-05-25,3.10,FRED:DHHNGSP
2017-05-26,3.10,FRED:DHHNGSP
2017-05-29,3.10,FRED:DHHNGSP
2017-05-30,3.10,FRED:DHHNGSP
2017-05-31,3.05,FRED:DHHNGSP
2017-06-01,3.05,FRED:DHHNGSP
2017-06-02,2.85,FRED:DHHNGSP
2017-06-05,2.92,FRED:DHHNGSP
2017-06-06,2.92,FRED:DHHNGSP
2017-06-07,3.06,FRED:DHHNGSP
2017-06-08,2.98,FRED:DHHNGSP
2017-06-09,3.03,FRED:DHHNGSP
2017-06-12,3.12,FRED:DHHNGSP
2017-06-13,3.12,FRED:DHHNGSP
2017-06-14,2.95,FRED:DHHNGSP
2017-06-15,2.94,FRED:DHHNGSP
2017-06-16,3.01,FRED:DHHNGSP
2017-06-19,2.87,FRED:DHHNGSP
2017-06-20,2.91,FRED:DHHNGSP
2017-06-21,2.91,FRED:DHHNGSP
2017-06-22,2.88,FRED:DHHNGSP
2017-06-23,2.89,FRED:DHHNGSP
2017-06-26,2.98,FRED:DHHNGSP
2017-06-27,2.99,FRED:DHHNGSP
2017-06-28,3.03,FRED:DHHNGSP
2017-06-29,3.07,FRED:DHHNGSP
2017-06-30,2.98,FRED:DHHNGSP
2017-07-03,2.98,FRED:DHHNGSP
2017-07-04,2.98,FRED:DHHNGSP
2017-07-05,2.98,FRED:DHHNGSP
2017-07-06,2.89,FRED:DHHNGSP
2017-07-07,2.91,FRED:DHHNGSP
2017-07-10,2.92,FRED:DHHNGSP
2017-07-11,2.98,FRED:DHHNGSP
2017-07-12,3.01,FRED:DHHNGSP
2017-07-13,2.96,FRED:DHHNGSP
2017-07-14,2.94,FRED:DHHNGSP
2017-07-17,3.04,FRED:DHHNGSP
2017-07-18,3.11,FRED:DHHNGSP
2017-07-19,3.11,FRED:DHHNGSP
2017-07-20,3.12,FRED:DHHNGSP
2017-07-21,3.06,FRED:DHHNGSP
2017-07-24,2.99,FRED:DHHNGSP
2017-07-25,2.99,FRED:DHHNGSP
2017-07-26,2.92,FRED:DHHNGSP
2017-07-27,2.95,FRED:DHHNGSP
2017-07-28,2.96,FRED:DHHNGSP
2017-07-31,2.87,FRED:DHHNGSP
2017-08-01,2.80,FRED:DHHNGSP
2017-08-02,2.80,FRED:DHHNGSP
2017-08-03,2.76,FRED:DHHNGSP
2017-08-04,2.76,FRED:DHHNGSP
2017-08-07,2.80,FRED:DHHNGSP
2017-08-08,2.81,FRED:DHHNGSP
2017-08-09,2.81,FRED:DHHNGSP
2017-08-10,2.89,FRED:DHHNGSP
2017-08-11,2.96,FRED:DHHNGSP
2017-08-14,3.02,FRED:DHHNGSP
2017-08-15,2.96,FRED:DHHNGSP
2017-08-16,2.94,FRED:DHHNGSP
2017-08-17,2.91,FRED:DHHNGSP
2017-08-18,2.90,FRED:DHHNGSP
2017-08-21,3.00,FRED:DHHNGSP
2017-08-22,3.00,FRED:DHHNGSP
2017-08-23,2.94,FRED:DHHNGSP
2017-08-24,2.97,FRED:DHHNGSP
2017-08-25,2.93,FRED:DHHNGSP
2017-08-28,2.95,FRED:DHHNGSP
2017-08-29,2.95,FRED:DHHNGSP
2017-08-30,2.95,FRED:DHHNGSP
2017-08-31,2.92,FRED:DHHNGSP
2017-09-01,2.88,FRED:DHHNGSP
2017-09-04,2.88,FRED:DHHNGSP
2017-09-05,2.88,FRED:DHHNGSP
2017-09-06,2.98,FRED:DHHNGSP
2017-09-07,2.92,FRED:DHHNGSP
2017-09-08,2.88,FRED:DHHNGSP
2017-09-11,2.88,FRED:DHHNGSP
2017-09-12,2.88,FRED:DHHNGSP
2017-09-13,3.02,FRED:DHHNGSP
2017-09-14,3.03,FRED:DHHNGSP
2017-09-15,3.00,FRED:DHHNGSP
2017-09-18,3.11,FRED:DHHNGSP
2017-09-19,3.18,FRED:DHHNGSP
2017-09-20,3.13,FRED:DHHNGSP
2017-09-21,3.11,FRED:DHHNGSP
2017-09-22,2.93,FRED:DHHNGSP
2017-09-25,2.96,FRED:DHHNGSP
2017-09-26,2.96,FRED:DHHNGSP
2017-09-27,2.98,FRED:DHHNGSP
2017-09-28,2.96,FRED:DHHNGSP
2017-09-29,2.94,FRED:DHHNGSP
2017-10-02,2.94,FRED:DHHNGSP
2017-10-03,2.73,FRED:DHHNGSP
2017-10-04,2.80,FRED:DHHNGSP
2017-10-05,2.80,FRED:DHHNGSP
2017-10-06,2.93,FRED:DHHNGSP
2017-10-09,2.87,FRED:DHHNGSP
2017-10-10,2.89,FRED:DHHNGSP
2017-10-11,2.89,FRED:DHHNGSP
2017-10-12,2.95,FRED:DHHNGSP
2017-10-13,2.99,FRED:DHHNGSP
2017-10-16,2.87,FRED:DHHNGSP
2017-10-17,2.88,FRED:DHHNGSP
2017-10-18,2.81,FRED:DHHNGSP
2017-10-19,2.83,FRED:DHHNGSP
2017-10-20,2.80,FRED:DHHNGSP
2017-10-23,2.95,FRED:DHHNGSP
2017-10-24,2.95,FRED:DHHNGSP
2017-10-25,2.98,FRED:DHHNGSP
2017-10-26,2.91,FRED:DHHNGSP
2017-10-27,2.78,FRED:DHHNGSP
2017-10-30,2.94,FRED:DHHNGSP
2017-10-31,2.84,FRED:DHHNGSP
2017-11-01,2.68,FRED:DHHNGSP
2017-11-02,2.68,FRED:DHHNGSP
2017-11-03,2.75,FRED:DHHNGSP
2017-11-06,3.01,FRED:DHHNGSP
2017-11-07,3.07,FRED:DHHNGSP
2017-11-08,3.16,FRED:DHHNGSP
2017-11-09,3.18,FRED:DHHNGSP
2017-11-10,3.17,FRED:DHHNGSP
2017-11-13,3.13,FRED:DHHNGSP
2017-11-14,3.06,FRED:DHHNGSP
2017-11-15,3.16,FRED:DHHNGSP
2017-11-16,3.09,FRED:DHHNGSP
2017-11-17,3.04,FRED:DHHNGSP
2017-11-20,3.04,FRED:DHHNGSP
2017-11-21,3.05,FRED:DHHNGSP
2017-11-22,3.05,FRED:DHHNGSP
2017-11-23,3.05,FRED:DHHNGSP
2017-11-24,3.05,FRED:DHHNGSP
2017-11-27,2.88,FRED:DHHNGSP
2017-11-28,2.88,FRED:DHHNGSP
2017-11-29,3.06,FRED:DHHNGSP
2017-11-30,3.06,FRED:DHHNGSP
2017-12-01,2.84,FRED:DHHNGSP
2017-12-04,2.91,FRED:DHHNGSP
2017-12-05,2.86,FRED:DHHNGSP
2017-12-06,2.86,FRED:DHHNGSP
2017-12-07,2.81,FRED:DHHNGSP
2017-12-08,2.78,FRED:DHHNGSP
2017-12-11,2.81,FRED:DHHNGSP
2017-12-12,2.87,FRED:DHHNGSP
2017-12-13,2.87,FRED:DHHNGSP
2017-12-14,2.69,FRED:DHHNGSP
2017-12-15,2.60,FRED:DHHNGSP
2017-12-18,2.71,FRED:DHHNGSP
2017-12-19,2.75,FRED:DHHNGSP
2017-12-20,2.72,FRED:DHHNGSP
2017-12-21,2.64,FRED:DHHNGSP
2017-12-22,2.63,FRED:DHHNGSP
2017-12-25,,FRED:DHHNGSP
2017-12-26,2.68,FRED:DHHNGSP
2017-12-27,2.76,FRED:DHHNGSP
2017-12-28,2.97,FRED:DHHNGSP
2017-12-29,3.69,FRED:DHHNGSP
2018-01-01,,FRED:DHHNGSP
2018-01-02,6.24,FRED:DHHNGSP
2018-01-03,6.24,FRED:DHHNGSP
2018-01-04,4.65,FRED:DHHNGSP
2018-01-05,,FRED:DHHNGSP
2018-01-08,2.89,FRED:DHHNGSP
2018-01-09,2.93,FRED:DHHNGSP
2018-01-10,3.16,FRED:DHHNGSP
2018-01-11,3.16,FRED:DHHNGSP
2018-01-12,4.06,FRED:DHHNGSP
2018-01-15,,FRED:DHHNGSP
2018-01-16,5.46,FRED:DHHNGSP
2018-01-17,3.92,FRED:DHHNGSP
2018-01-18,3.92,FRED:DHHNGSP
2018-01-19,3.20,FRED:DHHNGSP
2018-01-22,3.13,FRED:DHHNGSP
2018-01-23,3.35,FRED:DHHNGSP
2018-01-24,3.54,FRED:DHHNGSP
2018-01-25,3.54,FRED:DHHNGSP
2018-01-26,3.58,FRED:DHHNGSP
2018-01-29,3.60,FRED:DHHNGSP
2018-01-30,3.60,FRED:DHHNGSP
2018-01-31,3.34,FRED:DHHNGSP
2018-02-01,3.06,FRED:DHHNGSP
2018-02-02,2.91,FRED:DHHNGSP
2018-02-05,2.85,FRED:DHHNGSP
2018-02-06,2.75,FRED:DHHNGSP
2018-02-07,2.74,FRED:DHHNGSP
2018-02-08,2.74,FRED:DHHNGSP
2018-02-09,2.66,FRED:DHHNGSP
2018-02-12,2.60,FRED:DHHNGSP
2018-02-13,2.58,FRED:DHHNGSP
2018-02-14,2.53,FRED:DHHNGSP
2018-02-15,2.49,FRED:DHHNGSP
2018-02-16,2.49,FRED:DHHNGSP
2018-02-19,,FRED:DHHNGSP
2018-02-20,2.61,FRED:DHHNGSP
2018-02-21,2.65,FRED:DHHNGSP
2018-02-22,2.65,FRED:DHHNGSP
2018-02-23,2.58,FRED:DHHNGSP
2018-02-26,2.60,FRED:DHHNGSP
2018-02-27,2.59,FRED:DHHNGSP
2018-02-28,2.66,FRED:DHHNGSP
2018-03-01,2.67,FRED:DHHNGSP
2018-03-02,2.67,FRED:DHHNGSP
2018-03-05,2.70,FRED:DHHNGSP
2018-03-06,2.70,FRED:DHHNGSP
2018-03-07,2.80,FRED:DHHNGSP
2018-03-08,2.80,FRED:DHHNGSP
2018-03-09,2.71,FRED:DHHNGSP
2018-03-12,2.78,FRED:DHHNGSP
2018-03-13,2.76,FRED:DHHNGSP
2018-03-14,2.69,FRED:DHHNGSP
2018-03-15,2.70,FRED:DHHNGSP
2018-03-16,2.62,FRED:DHHNGSP
2018-03-19,2.62,FRED:DHHNGSP
2018-03-20,2.71,FRED:DHHNGSP
2018-03-21,2.74,FRED:DHHNGSP
2018-03-22,2.62,FRED:DHHNGSP
2018-03-23,2.58,FRED:DHHNGSP
2018-03-26,2.63,FRED:DHHNGSP
2018-03-27,2.60,FRED:DHHNGSP
2018-03-28,2.64,FRED:DHHNGSP
2018-03-29,2.81,FRED:DHHNGSP
2018-03-30,,FRED:DHHNGSP
2018-04-02,2.75,FRED:DHHNGSP
2018-04-03,2.75,FRED:DHHNGSP
2018-04-04,2.81,FRED:DHHNGSP
2018-04-05,2.81,FRED:DHHNGSP
2018-04-06,2.81,FRED:DHHNGSP
2018-04-09,2.78,FRED:DHHNGSP
2018-04-10,2.78,FRED:DHHNGSP
2018-04-11,2.74,FRED:DHHNGSP
2018-04-12,2.76,FRED:DHHNGSP
2018-04-13,2.82,FRED:DHHNGSP
2018-04-16,2.88,FRED:DHHNGSP
2018-04-17,2.84,FRED:DHHNGSP
2018-04-18,2.85,FRED:DHHNGSP
2018-04-19,2.80,FRED:DHHNGSP
2018-04-20,2.78,FRED:DHHNGSP
2018-04-23,2.78,FRED:DHHNGSP
2018-04-24,2.79,FRED:DHHNGSP
2018-04-25,2.81,FRED:DHHNGSP
2018-04-26,2.81,FRED:DHHNGSP
2018-04-27,2.82,FRED:DHHNGSP
2018-04-30,2.75,FRED:DHHNGSP
2018-05-01,2.75,FRED:DHHNGSP
2018-05-02,2.77,FRED:DHHNGSP
2018-05-03,2.75,FRED:DHHNGSP
2018-05-04,2.75,FRED:DHHNGSP
2018-05-07,2.74,FRED:DHHNGSP
2018-05-08,2.77,FRED:DHHNGSP
2018-05-09,2.75,FRED:DHHNGSP
2018-05-10,2.78,FRED:DHHNGSP
2018-05-11,2.75,FRED:DHHNGSP
2018-05-14,2.84,FRED:DHHNGSP
2018-05-15,2.83,FRED:DHHNGSP
2018-05-16,2.85,FRED:DHHNGSP
2018-05-17,2.75,FRED:DHHNGSP
2018-05-18,2.75,FRED:DHHNGSP
2018-05-21,2.77,FRED:DHHNGSP
2018-05-22,2.76,FRED:DHHNGSP
2018-05-23,2.89,FRED:DHHNGSP
2018-05-24,2.88,FRED:DHHNGSP
2018-05-25,2.88,FRED:DHHNGSP
2018-05-28,,FRED:DHHNGSP
2018-05-29,2.84,FRED:DHHNGSP
2018-05-30,2.83,FRED:DHHNGSP
2018-05-31,2.94,FRED:DHHNGSP
2018-06-01,2.91,FRED:DHHNGSP
2018-06-04,2.89,FRED:DHHNGSP
2018-06-05,2.89,FRED:DHHNGSP
2018-06-06,2.89,FRED:DHHNGSP
2018-06-07,3.02,FRED:DHHNGSP
2018-06-08,2.91,FRED:DHHNGSP
2018-06-11,3.00,FRED:DHHNGSP
2018-06-12,2.98,FRED:DHHNGSP
2018-06-13,2.98,FRED:DHHNGSP
2018-06-14,2.99,FRED:DHHNGSP
2018-06-15,3.02,FRED:DHHNGSP
2018-06-18,2.99,FRED:DHHNGSP
2018-06-19,2.95,FRED:DHHNGSP
2018-06-20,2.96,FRED:DHHNGSP
2018-06-21,3.08,FRED:DHHNGSP
2018-06-22,2.95,FRED:DHHNGSP
2018-06-25,2.96,FRED:DHHNGSP
2018-06-26,2.98,FRED:DHHNGSP
2018-06-27,3.01,FRED:DHHNGSP
2018-06-28,2.99,FRED:DHHNGSP
2018-06-29,2.96,FRED:DHHNGSP
2018-07-02,2.90,FRED:DHHNGSP
2018-07-03,2.90,FRED:DHHNGSP
2018-07-04,,FRED:DHHNGSP
2018-07-05,2.91,FRED:DHHNGSP
2018-07-06,2.91,FRED:DHHNGSP
2018-07-09,2.90,FRED:DHHNGSP
2018-07-10,2.90,FRED:DHHNGSP
2018-07-11,2.89,FRED:DHHNGSP
2018-07-12,2.89,FRED:DHHNGSP
2018-07-13,2.86,FRED:DHHNGSP
2018-07-16,2.76,FRED:DHHNGSP
2018-07-17,2.81,FRED:DHHNGSP
2018-07-18,2.80,FRED:DHHNGSP
2018-07-19,2.75,FRED:DHHNGSP
2018-07-20,2.79,FRED:DHHNGSP
2018-07-23,2.79,FRED:DHHNGSP
2018-07-24,2.73,FRED:DHHNGSP
2018-07-25,2.82,FRED:DHHNGSP
2018-07-26,2.82,FRED:DHHNGSP
2018-07-27,2.78,FRED:DHHNGSP
2018-07-30,2.75,FRED:DHHNGSP
2018-07-31,2.82,FRED:DHHNGSP
2018-08-01,2.80,FRED:DHHNGSP
2018-08-02,2.77,FRED:DHHNGSP
2018-08-03,2.86,FRED:DHHNGSP
2018-08-06,2.85,FRED:DHHNGSP
2018-08-07,2.95,FRED:DHHNGSP
2018-08-08,2.99,FRED:DHHNGSP
2018-08-09,3.02,FRED:DHHNGSP
2018-08-10,2.96,FRED:DHHNGSP
2018-08-13,2.92,FRED:DHHNGSP
2018-08-14,3.02,FRED:DHHNGSP
2018-08-15,3.02,FRED:DHHNGSP
2018-08-16,3.02,FRED:DHHNGSP
2018-08-17,3.01,FRED:DHHNGSP
2018-08-20,3.04,FRED:DHHNGSP
2018-08-21,3.01,FRED:DHHNGSP
2018-08-22,3.02,FRED:DHHNGSP
2018-08-23,3.01,FRED:DHHNGSP
2018-08-24,2.99,FRED:DHHNGSP
2018-08-27,2.98,FRED:DHHNGSP
2018-08-28,2.98,FRED:DHHNGSP
2018-08-29,2.96,FRED:DHHNGSP
2018-08-30,2.96,FRED:DHHNGSP
2018-08-31,2.98,FRED:DHHNGSP
2018-09-03,,FRED:DHHNGSP
2018-09-04,2.96,FRED:DHHNGSP
2018-09-05,3.00,FRED:DHHNGSP
2018-09-06,2.93,FRED:DHHNGSP
2018-09-07,2.88,FRED:DHHNGSP
2018-09-10,2.90,FRED:DHHNGSP
2018-09-11,2.94,FRED:DHHNGSP
2018-09-12,2.98,FRED:DHHNGSP
2018-09-13,2.94,FRED:DHHNGSP
2018-09-14,2.91,FRED:DHHNGSP
2018-09-17,2.95,FRED:DHHNGSP
2018-09-18,3.00,FRED:DHHNGSP
2018-09-19,3.11,FRED:DHHNGSP
2018-09-20,3.07,FRED:DHHNGSP
2018-09-21,3.02,FRED:DHHNGSP
2018-09-24,3.04,FRED:DHHNGSP
2018-09-25,3.12,FRED:DHHNGSP
2018-09-26,3.10,FRED:DHHNGSP
2018-09-27,3.05,FRED:DHHNGSP
2018-09-28,3.01,FRED:DHHNGSP
2018-10-01,3.13,FRED:DHHNGSP
2018-10-02,3.14,FRED:DHHNGSP
2018-10-03,3.26,FRED:DHHNGSP
2018-10-04,3.39,FRED:DHHNGSP
2018-10-05,3.25,FRED:DHHNGSP
2018-10-08,3.28,FRED:DHHNGSP
2018-10-09,3.40,FRED:DHHNGSP
2018-10-10,3.45,FRED:DHHNGSP
2018-10-11,3.16,FRED:DHHNGSP
2018-10-12,3.19,FRED:DHHNGSP
2018-10-15,3.26,FRED:DHHNGSP
2018-10-16,3.27,FRED:DHHNGSP
2018-10-17,3.30,FRED:DHHNGSP
2018-10-18,3.28,FRED:DHHNGSP
2018-10-19,3.20,FRED:DHHNGSP
2018-10-22,3.20,FRED:DHHNGSP
2018-10-23,3.28,FRED:DHHNGSP
2018-10-24,3.42,FRED:DHHNGSP
2018-10-25,3.42,FRED:DHHNGSP
2018-10-26,3.27,FRED:DHHNGSP
2018-10-29,3.20,FRED:DHHNGSP
2018-10-30,3.27,FRED:DHHNGSP
2018-10-31,3.31,FRED:DHHNGSP
2018-11-01,3.36,FRED:DHHNGSP
2018-11-02,3.26,FRED:DHHNGSP
2018-11-05,3.53,FRED:DHHNGSP
2018-11-06,3.53,FRED:DHHNGSP
2018-11-07,3.54,FRED:DHHNGSP
2018-11-08,3.54,FRED:DHHNGSP
2018-11-09,3.74,FRED:DHHNGSP
2018-11-12,3.96,FRED:DHHNGSP
2018-11-13,4.10,FRED:DHHNGSP
2018-11-14,4.10,FRED:DHHNGSP
2018-11-15,4.69,FRED:DHHNGSP
2018-11-16,4.30,FRED:DHHNGSP
2018-11-19,4.65,FRED:DHHNGSP
2018-11-20,4.65,FRED:DHHNGSP
2018-11-21,4.70,FRED:DHHNGSP
2018-11-22,,FRED:DHHNGSP
2018-11-23,,FRED:DHHNGSP
2018-11-26,4.28,FRED:DHHNGSP
2018-11-27,4.28,FRED:DHHNGSP
2018-11-28,4.50,FRED:DHHNGSP
2018-11-29,4.50,FRED:DHHNGSP
2018-11-30,4.61,FRED:DHHNGSP
2018-12-03,4.40,FRED:DHHNGSP
2018-12-04,4.40,FRED:DHHNGSP
2018-12-05,4.69,FRED:DHHNGSP
2018-12-06,4.44,FRED:DHHNGSP
2018-12-07,4.51,FRED:DHHNGSP
2018-12-10,4.54,FRED:DHHNGSP
2018-12-11,4.53,FRED:DHHNGSP
2018-12-12,4.53,FRED:DHHNGSP
2018-12-13,4.31,FRED:DHHNGSP
2018-12-14,3.99,FRED:DHHNGSP
2018-12-17,3.80,FRED:DHHNGSP
2018-12-18,3.80,FRED:DHHNGSP
2018-12-19,3.64,FRED:DHHNGSP
2018-12-20,3.70,FRED:DHHNGSP
2018-12-21,3.70,FRED:DHHNGSP
2018-12-24,,FRED:DHHNGSP
2018-12-25,,FRED:DHHNGSP
2018-12-26,3.42,FRED:DHHNGSP
2018-12-27,3.10,FRED:DHHNGSP
2018-12-28,3.25,FRED:DHHNGSP
2018-12-31,,FRED:DHHNGSP
2019-01-01,,FRED:DHHNGSP
2019-01-02,3.25,FRED:DHHNGSP
2019-01-03,2.72,FRED:DHHNGSP
2019-01-04,2.80,FRED:DHHNGSP
2019-01-07,2.74,FRED:DHHNGSP
2019-01-08,2.89,FRED:DHHNGSP
2019-01-09,2.92,FRED:DHHNGSP
2019-01-10,2.95,FRED:DHHNGSP
2019-01-11,2.95,FRED:DHHNGSP
2019-01-14,3.36,FRED:DHHNGSP
2019-01-15,3.54,FRED:DHHNGSP
2019-01-16,3.58,FRED:DHHNGSP
2019-01-17,3.58,FRED:DHHNGSP
2019-01-18,3.43,FRED:DHHNGSP
2019-01-21,,FRED:DHHNGSP
2019-01-22,3.43,FRED:DHHNGSP
2019-01-23,3.13,FRED:DHHNGSP
2019-01-24,3.13,FRED:DHHNGSP
2019-01-25,3.07,FRED:DHHNGSP
2019-01-28,3.05,FRED:DHHNGSP
2019-01-29,2.94,FRED:DHHNGSP
2019-01-30,3.00,FRED:DHHNGSP
2019-01-31,2.82,FRED:DHHNGSP
2019-02-01,2.70,FRED:DHHNGSP
2019-02-04,2.57,FRED:DHHNGSP
2019-02-05,2.54,FRED:DHHNGSP
2019-02-06,2.58,FRED:DHHNGSP
2019-02-07,2.62,FRED:DHHNGSP
2019-02-08,2.66,FRED:DHHNGSP
2019-02-11,2.76,FRED:DHHNGSP
2019-02-12,2.71,FRED:DHHNGSP
2019-02-13,2.61,FRED:DHHNGSP
2019-02-14,2.61,FRED:DHHNGSP
2019-02-15,2.59,FRED:DHHNGSP
2019-02-18,,FRED:DHHNGSP
2019-02-19,2.69,FRED:DHHNGSP
2019-02-20,2.69,FRED:DHHNGSP
2019-02-21,2.73,FRED:DHHNGSP
2019-02-22,2.74,FRED:DHHNGSP
2019-02-25,2.84,FRED:DHHNGSP
2019-02-26,2.74,FRED:DHHNGSP
2019-02-27,2.89,FRED:DHHNGSP
2019-02-28,2.89,FRED:DHHNGSP
2019-03-01,3.19,FRED:DHHNGSP
2019-03-04,4.25,FRED:DHHNGSP
2019-03-05,3.18,FRED:DHHNGSP
2019-03-06,3.18,FRED:DHHNGSP
2019-03-07,2.90,FRED:DHHNGSP
2019-03-08,2.90,FRED:DHHNGSP
2019-03-11,2.86,FRED:DHHNGSP
2019-03-12,2.83,FRED:DHHNGSP
2019-03-13,2.87,FRED:DHHNGSP
2019-03-14,2.95,FRED:DHHNGSP
2019-03-15,2.95,FRED:DHHNGSP
2019-03-18,2.90,FRED:DHHNGSP
2019-03-19,2.92,FRED:DHHNGSP
2019-03-20,2.86,FRED:DHHNGSP
2019-03-21,2.86,FRED:DHHNGSP
2019-03-22,2.75,FRED:DHHNGSP
2019-03-25,2.72,FRED:DHHNGSP
2019-03-26,2.74,FRED:DHHNGSP
2019-03-27,2.69,FRED:DHHNGSP
2019-03-28,2.69,FRED:DHHNGSP
2019-03-29,2.73,FRED:DHHNGSP
2019-04-01,2.73,FRED:DHHNGSP
2019-04-02,2.76,FRED:DHHNGSP
2019-04-03,2.74,FRED:DHHNGSP
2019-04-04,2.66,FRED:DHHNGSP
2019-04-05,2.62,FRED:DHHNGSP
2019-04-08,2.72,FRED:DHHNGSP
2019-04-09,2.71,FRED:DHHNGSP
2019-04-10,2.72,FRED:DHHNGSP
2019-04-11,2.72,FRED:DHHNGSP
2019-04-12,2.75,FRED:DHHNGSP
2019-04-15,2.75,FRED:DHHNGSP
2019-04-16,2.66,FRED:DHHNGSP
2019-04-17,2.55,FRED:DHHNGSP
2019-04-18,2.54,FRED:DHHNGSP
2019-04-19,,FRED:DHHNGSP
2019-04-22,2.61,FRED:DHHNGSP
2019-04-23,2.53,FRED:DHHNGSP
2019-04-24,2.53,FRED:DHHNGSP
2019-04-25,2.54,FRED:DHHNGSP
2019-04-26,2.58,FRED:DHHNGSP
2019-04-29,2.58,FRED:DHHNGSP
2019-04-30,2.59,FRED:DHHNGSP
2019-05-01,2.59,FRED:DHHNGSP
2019-05-02,2.63,FRED:DHHNGSP
2019-05-03,2.59,FRED:DHHNGSP
2019-05-06,2.54,FRED:DHHNGSP
2019-05-07,2.54,FRED:DHHNGSP
2019-05-08,2.64,FRED:DHHNGSP
2019-05-09,2.62,FRED:DHHNGSP
2019-05-10,2.64,FRED:DHHNGSP
2019-05-13,2.71,FRED:DHHNGSP
2019-05-14,2.70,FRED:DHHNGSP
2019-05-15,2.69,FRED:DHHNGSP
2019-05-16,2.62,FRED:DHHNGSP
2019-05-17,2.61,FRED:DHHNGSP
2019-05-20,2.70,FRED:DHHNGSP
2019-05-21,2.73,FRED:DHHNGSP
2019-05-22,2.73,FRED:DHHNGSP
2019-05-23,2.56,FRED:DHHNGSP
2019-05-24,2.60,FRED:DHHNGSP
2019-05-27,,FRED:DHHNGSP
2019-05-28,2.65,FRED:DHHNGSP
2019-05-29,2.69,FRED:DHHNGSP
2019-05-30,2.69,FRED:DHHNGSP
2019-05-31,2.59,FRED:DHHNGSP
2019-06-03,2.50,FRED:DHHNGSP
2019-06-04,2.45,FRED:DHHNGSP
2019-06-05,2.45,FRED:DHHNGSP
2019-06-06,2.40,FRED:DHHNGSP
2019-06-07,2.43,FRED:DHHNGSP
2019-06-10,2.42,FRED:DHHNGSP
2019-06-11,2.41,FRED:DHHNGSP
2019-06-12,2.43,FRED:DHHNGSP
2019-06-13,2.43,FRED:DHHNGSP
2019-06-14,2.37,FRED:DHHNGSP
2019-06-17,2.46,FRED:DHHNGSP
2019-06-18,2.44,FRED:DHHNGSP
2019-06-19,2.43,FRED:DHHNGSP
2019-06-20,2.38,FRED:DHHNGSP
2019-06-21,2.27,FRED:DHHNGSP
2019-06-24,2.31,FRED:DHHNGSP
2019-06-25,2.31,FRED:DHHNGSP
2019-06-26,2.34,FRED:DHHNGSP
2019-06-27,2.32,FRED:DHHNGSP
2019-06-28,2.42,FRED:DHHNGSP
2019-07-01,2.33,FRED:DHHNGSP
2019-07-02,2.30,FRED:DHHNGSP
2019-07-03,2.29,FRED:DHHNGSP
2019-07-04,,FRED:DHHNGSP
2019-07-05,,FRED:DHHNGSP
2019-07-08,2.39,FRED:DHHNGSP
2019-07-09,2.41,FRED:DHHNGSP
2019-07-10,2.49,FRED:DHHNGSP
2019-07-11,2.54,FRED:DHHNGSP
2019-07-12,2.54,FRED:DHHNGSP
2019-07-15,2.53,FRED:DHHNGSP
2019-07-16,2.53,FRED:DHHNGSP
2019-07-17,2.44,FRED:DHHNGSP
2019-07-18,2.38,FRED:DHHNGSP
2019-07-19,2.30,FRED:DHHNGSP
2019-07-22,2.33,FRED:DHHNGSP
2019-07-23,2.34,FRED:DHHNGSP
2019-07-24,2.33,FRED:DHHNGSP
2019-07-25,2.26,FRED:DHHNGSP
2019-07-26,2.23,FRED:DHHNGSP
2019-07-29,2.23,FRED:DHHNGSP
2019-07-30,2.22,FRED:DHHNGSP
2019-07-31,2.28,FRED:DHHNGSP
2019-08-01,2.36,FRED:DHHNGSP
2019-08-02,2.12,FRED:DHHNGSP
2019-08-05,2.02,FRED:DHHNGSP
2019-08-06,2.15,FRED:DHHNGSP
2019-08-07,2.18,FRED:DHHNGSP
2019-08-08,2.13,FRED:DHHNGSP
2019-08-09,2.09,FRED:DHHNGSP
2019-08-12,2.21,FRED:DHHNGSP
2019-08-13,2.24,FRED:DHHNGSP
2019-08-14,2.22,FRED:DHHNGSP
2019-08-15,2.19,FRED:DHHNGSP
2019-08-16,2.20,FRED:DHHNGSP
2019-08-19,2.26,FRED:DHHNGSP
2019-08-20,2.35,FRED:DHHNGSP
2019-08-21,2.31,FRED:DHHNGSP
2019-08-22,2.28,FRED:DHHNGSP
2019-08-23,2.15,FRED:DHHNGSP
2019-08-26,2.23,FRED:DHHNGSP
2019-08-27,2.24,FRED:DHHNGSP
2019-08-28,2.24,FRED:DHHNGSP
2019-08-29,2.36,FRED:DHHNGSP
2019-08-30,2.33,FRED:DHHNGSP
2019-09-02,,FRED:DHHNGSP
2019-09-03,2.39,FRED:DHHNGSP
2019-09-04,2.48,FRED:DHHNGSP
2019-09-05,2.49,FRED:DHHNGSP
2019-09-06,2.49,FRED:DHHNGSP
2019-09-09,2.65,FRED:DHHNGSP
2019-09-10,2.67,FRED:DHHNGSP
2019-09-11,2.63,FRED:DHHNGSP
2019-09-12,2.62,FRED:DHHNGSP
2019-09-13,2.61,FRED:DHHNGSP
2019-09-16,2.75,FRED:DHHNGSP
2019-09-17,2.70,FRED:DHHNGSP
2019-09-18,2.72,FRED:DHHNGSP
2019-09-19,2.65,FRED:DHHNGSP
2019-09-20,2.34,FRED:DHHNGSP
2019-09-23,2.55,FRED:DHHNGSP
2019-09-24,2.55,FRED:DHHNGSP
2019-09-25,2.54,FRED:DHHNGSP
2019-09-26,2.57,FRED:DHHNGSP
2019-09-27,2.41,FRED:DHHNGSP
2019-09-30,2.37,FRED:DHHNGSP
2019-10-01,2.36,FRED:DHHNGSP
2019-10-02,2.36,FRED:DHHNGSP
2019-10-03,2.31,FRED:DHHNGSP
2019-10-04,2.25,FRED:DHHNGSP
2019-10-07,2.36,FRED:DHHNGSP
2019-10-08,2.29,FRED:DHHNGSP
2019-10-09,2.26,FRED:DHHNGSP
2019-10-10,2.26,FRED:DHHNGSP
2019-10-11,2.13,FRED:DHHNGSP
2019-10-14,2.13,FRED:DHHNGSP
2019-10-15,2.29,FRED:DHHNGSP
2019-10-16,2.44,FRED:DHHNGSP
2019-10-17,2.29,FRED:DHHNGSP
2019-10-18,2.08,FRED:DHHNGSP
2019-10-21,2.13,FRED:DHHNGSP
2019-10-22,2.21,FRED:DHHNGSP
2019-10-23,2.34,FRED:DHHNGSP
2019-10-24,2.33,FRED:DHHNGSP
2019-10-25,2.26,FRED:DHHNGSP
2019-10-28,2.49,FRED:DHHNGSP
2019-10-29,2.61,FRED:DHHNGSP
2019-10-30,2.71,FRED:DHHNGSP
2019-10-31,2.73,FRED:DHHNGSP
2019-11-01,2.54,FRED:DHHNGSP
2019-11-04,2.77,FRED:DHHNGSP
2019-11-05,2.77,FRED:DHHNGSP
2019-11-06,2.82,FRED:DHHNGSP
2019-11-07,2.84,FRED:DHHNGSP
2019-11-08,2.87,FRED:DHHNGSP
2019-11-11,,FRED:DHHNGSP
2019-11-12,2.72,FRED:DHHNGSP
2019-11-13,2.66,FRED:DHHNGSP
2019-11-14,2.68,FRED:DHHNGSP
2019-11-15,2.70,FRED:DHHNGSP
2019-11-18,2.64,FRED:DHHNGSP
2019-11-19,2.53,FRED:DHHNGSP
2019-11-20,2.56,FRED:DHHNGSP
2019-11-21,2.53,FRED:DHHNGSP
2019-11-22,2.62,FRED:DHHNGSP
2019-11-25,2.51,FRED:DHHNGSP
2019-11-26,2.51,FRED:DHHNGSP
2019-11-27,2.46,FRED:DHHNGSP
2019-11-28,,FRED:DHHNGSP
2019-11-29,2.46,FRED:DHHNGSP
2019-12-02,2.29,FRED:DHHNGSP
2019-12-03,2.42,FRED:DHHNGSP
2019-12-04,2.43,FRED:DHHNGSP
2019-12-05,2.42,FRED:DHHNGSP
2019-12-06,2.31,FRED:DHHNGSP
2019-12-09,2.17,FRED:DHHNGSP
2019-12-10,2.18,FRED:DHHNGSP
2019-12-11,2.28,FRED:DHHNGSP
2019-12-12,2.28,FRED:DHHNGSP
2019-12-13,2.28,FRED:DHHNGSP
2019-12-16,2.34,FRED:DHHNGSP
2019-12-17,2.30,FRED:DHHNGSP
2019-12-18,2.26,FRED:DHHNGSP
2019-12-19,2.21,FRED:DHHNGSP
2019-12-20,2.27,FRED:DHHNGSP
2019-12-23,2.17,FRED:DHHNGSP
2019-12-24,2.11,FRED:DHHNGSP
2019-12-25,,FRED:DHHNGSP
2019-12-26,2.09,FRED:DHHNGSP
2019-12-27,1.75,FRED:DHHNGSP
2019-12-30,2.06,FRED:DHHNGSP
2019-12-31,2.09,FRED:DHHNGSP
2020-01-01,,FRED:DHHNGSP
2020-01-02,2.05,FRED:DHHNGSP
2020-01-03,2.06,FRED:DHHNGSP
2020-01-06,2.10,FRED:DHHNGSP
2020-01-07,2.17,FRED:DHHNGSP
2020-01-08,2.09,FRED:DHHNGSP
2020-01-09,2.05,FRED:DHHNGSP
2020-01-10,2.05,FRED:DHHNGSP
2020-01-13,2.03,FRED:DHHNGSP
2020-01-14,2.15,FRED:DHHNGSP
2020-01-15,2.01,FRED:DHHNGSP
2020-01-16,2.06,FRED:DHHNGSP
2020-01-17,2.07,FRED:DHHNGSP
2020-01-20,,FRED:DHHNGSP
2020-01-21,1.98,FRED:DHHNGSP
2020-01-22,1.89,FRED:DHHNGSP
2020-01-23,1.95,FRED:DHHNGSP
2020-01-24,1.91,FRED:DHHNGSP
2020-01-27,2.03,FRED:DHHNGSP
2020-01-28,1.96,FRED:DHHNGSP
2020-01-29,1.93,FRED:DHHNGSP
2020-01-30,1.94,FRED:DHHNGSP
2020-01-31,1.91,FRED:DHHNGSP
2020-02-03,1.90,FRED:DHHNGSP
2020-02-04,1.89,FRED:DHHNGSP
2020-02-05,1.89,FRED:DHHNGSP
2020-02-06,1.86,FRED:DHHNGSP
2020-02-07,1.93,FRED:DHHNGSP
2020-02-10,1.85,FRED:DHHNGSP
2020-02-11,1.85,FRED:DHHNGSP
2020-02-12,1.91,FRED:DHHNGSP
2020-02-13,1.95,FRED:DHHNGSP
2020-02-14,1.93,FRED:DHHNGSP
2020-02-17,,FRED:DHHNGSP
2020-02-18,2.04,FRED:DHHNGSP
2020-02-19,2.01,FRED:DHHNGSP
2020-02-20,1.98,FRED:DHHNGSP
2020-02-21,1.96,FRED:DHHNGSP
2020-02-24,1.94,FRED:DHHNGSP
2020-02-25,1.93,FRED:DHHNGSP
2020-02-26,1.96,FRED:DHHNGSP
2020-02-27,1.78,FRED:DHHNGSP
2020-02-28,1.79,FRED:DHHNGSP
2020-03-02,1.75,FRED:DHHNGSP
2020-03-03,1.78,FRED:DHHNGSP
2020-03-04,1.83,FRED:DHHNGSP
2020-03-05,1.89,FRED:DHHNGSP
2020-03-06,1.76,FRED:DHHNGSP
2020-03-09,1.74,FRED:DHHNGSP
2020-03-10,1.91,FRED:DHHNGSP
2020-03-11,1.96,FRED:DHHNGSP
2020-03-12,1.82,FRED:DHHNGSP
2020-03-13,1.94,FRED:DHHNGSP
2020-03-16,1.89,FRED:DHHNGSP
2020-03-17,1.89,FRED:DHHNGSP
2020-03-18,1.73,FRED:DHHNGSP
2020-03-19,1.68,FRED:DHHNGSP
2020-03-20,1.76,FRED:DHHNGSP
2020-03-23,1.70,FRED:DHHNGSP
2020-03-24,1.73,FRED:DHHNGSP
2020-03-25,1.80,FRED:DHHNGSP
2020-03-26,1.73,FRED:DHHNGSP
2020-03-27,1.70,FRED:DHHNGSP
2020-03-30,1.65,FRED:DHHNGSP
2020-03-31,1.71,FRED:DHHNGSP
2020-04-01,1.69,FRED:DHHNGSP
2020-04-02,1.55,FRED:DHHNGSP
2020-04-03,1.50,FRED:DHHNGSP
2020-04-06,1.64,FRED:DHHNGSP
2020-04-07,1.83,FRED:DHHNGSP
2020-04-08,1.86,FRED:DHHNGSP
2020-04-09,1.74,FRED:DHHNGSP
2020-04-10,,FRED:DHHNGSP
2020-04-13,1.86,FRED:DHHNGSP
2020-04-14,1.76,FRED:DHHNGSP
2020-04-15,1.68,FRED:DHHNGSP
2020-04-16,1.59,FRED:DHHNGSP
2020-04-17,1.71,FRED:DHHNGSP
2020-04-20,1.78,FRED:DHHNGSP
2020-04-21,1.92,FRED:DHHNGSP
2020-04-22,1.90,FRED:DHHNGSP
2020-04-23,1.86,FRED:DHHNGSP
2020-04-24,1.81,FRED:DHHNGSP
2020-04-27,1.68,FRED:DHHNGSP
2020-04-28,1.80,FRED:DHHNGSP
2020-04-29,1.73,FRED:DHHNGSP
2020-04-30,1.63,FRED:DHHNGSP
2020-05-01,1.69,FRED:DHHNGSP
2020-05-04,1.78,FRED:DHHNGSP
2020-05-05,1.93,FRED:DHHNGSP
2020-05-06,1.90,FRED:DHHNGSP
2020-05-07,1.84,FRED:DHHNGSP
2020-05-08,1.74,FRED:DHHNGSP
2020-05-11,1.70,FRED:DHHNGSP
2020-05-12,1.61,FRED:DHHNGSP
2020-05-13,1.56,FRED:DHHNGSP
2020-05-14,1.60,FRED:DHHNGSP
2020-05-15,1.66,FRED:DHHNGSP
2020-05-18,1.77,FRED:DHHNGSP
2020-05-19,1.85,FRED:DHHNGSP
2020-05-20,1.83,FRED:DHHNGSP
2020-05-21,1.75,FRED:DHHNGSP
2020-05-22,1.70,FRED:DHHNGSP
2020-05-25,,FRED:DHHNGSP
2020-05-26,1.79,FRED:DHHNGSP
2020-05-27,1.78,FRED:DHHNGSP
2020-05-28,1.79,FRED:DHHNGSP
2020-05-29,1.70,FRED:DHHNGSP
2020-06-01,1.59,FRED:DHHNGSP
2020-06-02,1.58,FRED:DHHNGSP
2020-06-03,1.84,FRED:DHHNGSP
2020-06-04,1.68,FRED:DHHNGSP
2020-06-05,1.80,FRED:DHHNGSP
2020-06-08,1.68,FRED:DHHNGSP
2020-06-09,1.68,FRED:DHHNGSP
2020-06-10,1.72,FRED:DHHNGSP
2020-06-11,1.77,FRED:DHHNGSP
2020-06-12,1.67,FRED:DHHNGSP
2020-06-15,1.64,FRED:DHHNGSP
2020-06-16,1.43,FRED:DHHNGSP
2020-06-17,1.55,FRED:DHHNGSP
2020-06-18,1.51,FRED:DHHNGSP
2020-06-19,1.49,FRED:DHHNGSP
2020-06-22,1.64,FRED:DHHNGSP
2020-06-23,1.61,FRED:DHHNGSP
2020-06-24,1.64,FRED:DHHNGSP
2020-06-25,1.53,FRED:DHHNGSP
2020-06-26,1.42,FRED:DHHNGSP
2020-06-29,1.67,FRED:DHHNGSP
2020-06-30,1.76,FRED:DHHNGSP
2020-07-01,1.69,FRED:DHHNGSP
2020-07-02,1.58,FRED:DHHNGSP
2020-07-03,,FRED:DHHNGSP
2020-07-06,1.71,FRED:DHHNGSP
2020-07-07,1.76,FRED:DHHNGSP
2020-07-08,1.78,FRED:DHHNGSP
2020-07-09,1.88,FRED:DHHNGSP
2020-07-10,1.79,FRED:DHHNGSP
2020-07-13,1.75,FRED:DHHNGSP
2020-07-14,1.74,FRED:DHHNGSP
2020-07-15,1.76,FRED:DHHNGSP
2020-07-16,1.79,FRED:DHHNGSP
2020-07-17,1.79,FRED:DHHNGSP
2020-07-20,1.71,FRED:DHHNGSP
2020-07-21,1.66,FRED:DHHNGSP
2020-07-22,1.69,FRED:DHHNGSP
2020-07-23,1.75,FRED:DHHNGSP
2020-07-24,1.77,FRED:DHHNGSP
2020-07-27,1.85,FRED:DHHNGSP
2020-07-28,1.83,FRED:DHHNGSP
2020-07-29,1.77,FRED:DHHNGSP
2020-07-30,1.81,FRED:DHHNGSP
2020-07-31,1.83,FRED:DHHNGSP
2020-08-03,1.95,FRED:DHHNGSP
2020-08-04,2.07,FRED:DHHNGSP
2020-08-05,2.23,FRED:DHHNGSP
2020-08-06,2.26,FRED:DHHNGSP
2020-08-07,2.15,FRED:DHHNGSP
2020-08-10,2.18,FRED:DHHNGSP
2020-08-11,2.19,FRED:DHHNGSP
2020-08-12,2.05,FRED:DHHNGSP
2020-08-13,2.19,FRED:DHHNGSP
2020-08-14,2.23,FRED:DHHNGSP
2020-08-17,2.32,FRED:DHHNGSP
2020-08-18,2.45,FRED:DHHNGSP
2020-08-19,2.43,FRED:DHHNGSP
2020-08-20,2.35,FRED:DHHNGSP
2020-08-21,2.39,FRED:DHHNGSP
2020-08-24,2.57,FRED:DHHNGSP
2020-08-25,2.54,FRED:DHHNGSP
2020-08-26,2.52,FRED:DHHNGSP
2020-08-27,2.52,FRED:DHHNGSP
2020-08-28,2.46,FRED:DHHNGSP
2020-08-31,2.30,FRED:DHHNGSP
2020-09-01,2.22,FRED:DHHNGSP
2020-09-02,2.15,FRED:DHHNGSP
2020-09-03,2.32,FRED:DHHNGSP
2020-09-04,1.80,FRED:DHHNGSP
2020-09-07,,FRED:DHHNGSP
2020-09-08,2.35,FRED:DHHNGSP
2020-09-09,2.21,FRED:DHHNGSP
2020-09-10,2.13,FRED:DHHNGSP
2020-09-11,1.93,FRED:DHHNGSP
2020-09-14,2.18,FRED:DHHNGSP
2020-09-15,2.19,FRED:DHHNGSP
2020-09-16,2.06,FRED:DHHNGSP
2020-09-17,1.65,FRED:DHHNGSP
2020-09-18,1.56,FRED:DHHNGSP
2020-09-21,1.33,FRED:DHHNGSP
2020-09-22,1.49,FRED:DHHNGSP
2020-09-23,1.74,FRED:DHHNGSP
2020-09-24,1.93,FRED:DHHNGSP
2020-09-25,1.90,FRED:DHHNGSP
2020-09-28,1.83,FRED:DHHNGSP
2020-09-29,1.74,FRED:DHHNGSP
2020-09-30,1.66,FRED:DHHNGSP
2020-10-01,1.60,FRED:DHHNGSP
2020-10-02,1.41,FRED:DHHNGSP
2020-10-05,1.92,FRED:DHHNGSP
2020-10-06,1.86,FRED:DHHNGSP
2020-10-07,2.01,FRED:DHHNGSP
2020-10-08,1.49,FRED:DHHNGSP
2020-10-09,2.25,FRED:DHHNGSP
2020-10-12,2.31,FRED:DHHNGSP
2020-10-13,2.14,FRED:DHHNGSP
2020-10-14,2.02,FRED:DHHNGSP
2020-10-15,2.23,FRED:DHHNGSP
2020-10-16,2.16,FRED:DHHNGSP
2020-10-19,2.30,FRED:DHHNGSP
2020-10-20,2.57,FRED:DHHNGSP
2020-10-21,2.95,FRED:DHHNGSP
2020-10-22,2.99,FRED:DHHNGSP
2020-10-23,2.91,FRED:DHHNGSP
2020-10-26,3.14,FRED:DHHNGSP
2020-10-27,3.07,FRED:DHHNGSP
2020-10-28,3.14,FRED:DHHNGSP
2020-10-29,3.06,FRED:DHHNGSP
2020-10-30,3.03,FRED:DHHNGSP
2020-11-02,3.03,FRED:DHHNGSP
2020-11-03,2.88,FRED:DHHNGSP
2020-11-04,2.63,FRED:DHHNGSP
2020-11-05,2.69,FRED:DHHNGSP
2020-11-06,2.67,FRED:DHHNGSP
2020-11-09,2.63,FRED:DHHNGSP
2020-11-10,2.74,FRED:DHHNGSP
2020-11-11,2.75,FRED:DHHNGSP
2020-11-12,2.81,FRED:DHHNGSP
2020-11-13,2.82,FRED:DHHNGSP
2020-11-16,2.62,FRED:DHHNGSP
2020-11-17,2.55,FRED:DHHNGSP
2020-11-18,2.37,FRED:DHHNGSP
2020-11-19,2.19,FRED:DHHNGSP
2020-11-20,2.22,FRED:DHHNGSP
2020-11-23,2.23,FRED:DHHNGSP
2020-11-24,2.47,FRED:DHHNGSP
2020-11-25,2.47,FRED:DHHNGSP
2020-11-26,,FRED:DHHNGSP
2020-11-27,,FRED:DHHNGSP
2020-11-30,2.89,FRED:DHHNGSP
2020-12-01,2.89,FRED:DHHNGSP
2020-12-02,2.75,FRED:DHHNGSP
2020-12-03,2.46,FRED:DHHNGSP
2020-12-04,2.48,FRED:DHHNGSP
2020-12-07,2.39,FRED:DHHNGSP
2020-12-08,2.36,FRED:DHHNGSP
2020-12-09,2.45,FRED:DHHNGSP
2020-12-10,2.45,FRED:DHHNGSP
2020-12-11,2.54,FRED:DHHNGSP
2020-12-14,2.69,FRED:DHHNGSP
2020-12-15,2.63,FRED:DHHNGSP
2020-12-16,2.73,FRED:DHHNGSP
2020-12-17,2.70,FRED:DHHNGSP
2020-12-18,2.73,FRED:DHHNGSP
2020-12-21,2.68,FRED:DHHNGSP
2020-12-22,2.76,FRED:DHHNGSP
2020-12-23,2.76,FRED:DHHNGSP
2020-12-24,2.68,FRED:DHHNGSP
2020-12-25,,FRED:DHHNGSP
2020-12-28,2.39,FRED:DHHNGSP
2020-12-29,2.40,FRED:DHHNGSP
2020-12-30,2.36,FRED:DHHNGSP
2020-12-31,2.39,FRED:DHHNGSP
2021-01-01,,FRED:DHHNGSP
2021-01-04,2.60,FRED:DHHNGSP
2021-01-05,2.77,FRED:DHHNGSP
2021-01-06,2.76,FRED:DHHNGSP
2021-01-07,2.81,FRED:DHHNGSP
2021-01-08,2.77,FRED:DHHNGSP
2021-01-11,2.71,FRED:DHHNGSP
2021-01-12,2.89,FRED:DHHNGSP
2021-01-13,2.82,FRED:DHHNGSP
2021-01-14,2.82,FRED:DHHNGSP
2021-01-15,2.86,FRED:DHHNGSP
2021-01-18,,FRED:DHHNGSP
2021-01-19,2.65,FRED:DHHNGSP
2021-01-20,2.57,FRED:DHHNGSP
2021-01-21,2.49,FRED:DHHNGSP
2021-01-22,2.45,FRED:DHHNGSP
2021-01-25,2.63,FRED:DHHNGSP
2021-01-26,2.73,FRED:DHHNGSP
2021-01-27,2.77,FRED:DHHNGSP
2021-01-28,2.76,FRED:DHHNGSP
2021-01-29,2.68,FRED:DHHNGSP
2021-02-01,2.88,FRED:DHHNGSP
2021-02-02,3.24,FRED:DHHNGSP
2021-02-03,3.01,FRED:DHHNGSP
2021-02-04,2.99,FRED:DHHNGSP
2021-02-05,3.49,FRED:DHHNGSP
2021-02-08,3.40,FRED:DHHNGSP
2021-02-09,3.35,FRED:DHHNGSP
2021-02-10,3.76,FRED:DHHNGSP
2021-02-11,6.50,FRED:DHHNGSP
2021-02-12,6.12,FRED:DHHNGSP
2021-02-15,,FRED:DHHNGSP
2021-02-16,11.32,FRED:DHHNGSP
2021-02-17,23.86,FRED:DHHNGSP
2021-02-18,8.56,FRED:DHHNGSP
2021-02-19,4.96,FRED:DHHNGSP
2021-02-22,3.16,FRED:DHHNGSP
2021-02-23,2.94,FRED:DHHNGSP
2021-02-24,2.80,FRED:DHHNGSP
2021-02-25,2.72,FRED:DHHNGSP
2021-02-26,2.66,FRED:DHHNGSP
2021-03-01,2.70,FRED:DHHNGSP
2021-03-02,2.87,FRED:DHHNGSP
2021-03-03,2.86,FRED:DHHNGSP
2021-03-04,2.79,FRED:DHHNGSP
2021-03-05,2.72,FRED:DHHNGSP
2021-03-08,2.67,FRED:DHHNGSP
2021-03-09,2.62,FRED:DHHNGSP
2021-03-10,2.62,FRED:DHHNGSP
2021-03-11,2.70,FRED:DHHNGSP
2021-03-12,2.65,FRED:DHHNGSP
2021-03-15,2.58,FRED:DHHNGSP
2021-03-16,2.50,FRED:DHHNGSP
2021-03-17,2.60,FRED:DHHNGSP
2021-03-18,2.45,FRED:DHHNGSP
2021-03-19,2.53,FRED:DHHNGSP
2021-03-22,2.55,FRED:DHHNGSP
2021-03-23,2.56,FRED:DHHNGSP
2021-03-24,2.56,FRED:DHHNGSP
2021-03-25,2.52,FRED:DHHNGSP
2021-03-26,2.52,FRED:DHHNGSP
2021-03-29,2.58,FRED:DHHNGSP
2021-03-30,2.55,FRED:DHHNGSP
2021-03-31,2.52,FRED:DHHNGSP
2021-04-01,2.52,FRED:DHHNGSP
2021-04-02,,FRED:DHHNGSP
2021-04-05,2.43,FRED:DHHNGSP
2021-04-06,2.44,FRED:DHHNGSP
2021-04-07,2.43,FRED:DHHNGSP
2021-04-08,2.47,FRED:DHHNGSP
2021-04-09,2.48,FRED:DHHNGSP
2021-04-12,2.50,FRED:DHHNGSP
2021-04-13,2.57,FRED:DHHNGSP
2021-04-14,2.65,FRED:DHHNGSP
2021-04-15,2.62,FRED:DHHNGSP
2021-04-16,2.63,FRED:DHHNGSP
2021-04-19,2.75,FRED:DHHNGSP
2021-04-20,2.76,FRED:DHHNGSP
2021-04-21,2.72,FRED:DHHNGSP
2021-04-22,2.77,FRED:DHHNGSP
2021-04-23,2.79,FRED:DHHNGSP
2021-04-26,2.73,FRED:DHHNGSP
2021-04-27,2.91,FRED:DHHNGSP
2021-04-28,2.98,FRED:DHHNGSP
2021-04-29,2.91,FRED:DHHNGSP
2021-04-30,2.86,FRED:DHHNGSP
2021-05-03,2.96,FRED:DHHNGSP
2021-05-04,3.00,FRED:DHHNGSP
2021-05-05,2.99,FRED:DHHNGSP
2021-05-06,2.90,FRED:DHHNGSP
2021-05-07,2.90,FRED:DHHNGSP
2021-05-10,2.93,FRED:DHHNGSP
2021-05-11,2.91,FRED:DHHNGSP
2021-05-12,2.91,FRED:DHHNGSP
2021-05-13,2.95,FRED:DHHNGSP
2021-05-14,2.95,FRED:DHHNGSP
2021-05-17,2.99,FRED:DHHNGSP
2021-05-18,2.96,FRED:DHHNGSP
2021-05-19,2.88,FRED:DHHNGSP
2021-05-20,2.86,FRED:DHHNGSP
2021-05-21,2.84,FRED:DHHNGSP
2021-05-24,2.78,FRED:DHHNGSP
2021-05-25,2.87,FRED:DHHNGSP
2021-05-26,2.91,FRED:DHHNGSP
2021-05-27,2.85,FRED:DHHNGSP
2021-05-28,2.91,FRED:DHHNGSP
2021-05-31,,FRED:DHHNGSP
2021-06-01,3.02,FRED:DHHNGSP
2021-06-02,3.09,FRED:DHHNGSP
2021-06-03,3.01,FRED:DHHNGSP
2021-06-04,3.01,FRED:DHHNGSP
2021-06-07,2.98,FRED:DHHNGSP
2021-06-08,3.11,FRED:DHHNGSP
2021-06-09,3.13,FRED:DHHNGSP
2021-06-10,3.13,FRED:DHHNGSP
2021-06-11,3.23,FRED:DHHNGSP
2021-06-14,3.36,FRED:DHHNGSP
2021-06-15,3.31,FRED:DHHNGSP
2021-06-16,3.25,FRED:DHHNGSP
2021-06-17,3.24,FRED:DHHNGSP
2021-06-18,3.23,FRED:DHHNGSP
2021-06-21,3.15,FRED:DHHNGSP
2021-06-22,3.21,FRED:DHHNGSP
2021-06-23,3.36,FRED:DHHNGSP
2021-06-24,3.30,FRED:DHHNGSP
2021-06-25,3.40,FRED:DHHNGSP
2021-06-28,3.62,FRED:DHHNGSP
2021-06-29,3.75,FRED:DHHNGSP
2021-06-30,3.79,FRED:DHHNGSP
2021-07-01,3.76,FRED:DHHNGSP
2021-07-02,3.67,FRED:DHHNGSP
2021-07-05,,FRED:DHHNGSP
2021-07-06,3.68,FRED:DHHNGSP
2021-07-07,3.66,FRED:DHHNGSP
2021-07-08,3.56,FRED:DHHNGSP
2021-07-09,3.71,FRED:DHHNGSP
2021-07-12,3.70,FRED:DHHNGSP
2021-07-13,3.78,FRED:DHHNGSP
2021-07-14,3.80,FRED:DHHNGSP
2021-07-15,3.68,FRED:DHHNGSP
2021-07-16,3.70,FRED:DHHNGSP
2021-07-19,3.75,FRED:DHHNGSP
2021-07-20,3.82,FRED:DHHNGSP
2021-07-21,3.94,FRED:DHHNGSP
2021-07-22,4.02,FRED:DHHNGSP
2021-07-23,4.11,FRED:DHHNGSP
2021-07-26,4.09,FRED:DHHNGSP
2021-07-27,4.15,FRED:DHHNGSP
2021-07-28,4.10,FRED:DHHNGSP
2021-07-29,4.03,FRED:DHHNGSP
2021-07-30,3.94,FRED:DHHNGSP
2021-08-02,4.02,FRED:DHHNGSP
2021-08-03,4.06,FRED:DHHNGSP
2021-08-04,4.20,FRED:DHHNGSP
2021-08-05,4.27,FRED:DHHNGSP
2021-08-06,4.21,FRED:DHHNGSP
2021-08-09,4.24,FRED:DHHNGSP
2021-08-10,4.12,FRED:DHHNGSP
2021-08-11,4.07,FRED:DHHNGSP
2021-08-12,4.10,FRED:DHHNGSP
2021-08-13,3.95,FRED:DHHNGSP
2021-08-16,3.93,FRED:DHHNGSP
2021-08-17,3.92,FRED:DHHNGSP
2021-08-18,3.86,FRED:DHHNGSP
2021-08-19,3.83,FRED:DHHNGSP
2021-08-20,3.94,FRED:DHHNGSP
2021-08-23,3.93,FRED:DHHNGSP
2021-08-24,3.95,FRED:DHHNGSP
2021-08-25,4.03,FRED:DHHNGSP
2021-08-26,4.07,FRED:DHHNGSP
2021-08-27,4.35,FRED:DHHNGSP
2021-08-30,4.25,FRED:DHHNGSP
2021-08-31,4.33,FRED:DHHNGSP
2021-09-01,4.45,FRED:DHHNGSP
2021-09-02,4.65,FRED:DHHNGSP
2021-09-03,4.77,FRED:DHHNGSP
2021-09-06,,FRED:DHHNGSP
2021-09-07,4.71,FRED:DHHNGSP
2021-09-08,4.66,FRED:DHHNGSP
2021-09-09,4.97,FRED:DHHNGSP
2021-09-10,5.13,FRED:DHHNGSP
2021-09-13,5.21,FRED:DHHNGSP
2021-09-14,5.39,FRED:DHHNGSP
2021-09-15,5.66,FRED:DHHNGSP
2021-09-16,5.52,FRED:DHHNGSP
2021-09-17,5.32,FRED:DHHNGSP
2021-09-20,5.25,FRED:DHHNGSP
2021-09-21,4.96,FRED:DHHNGSP
2021-09-22,4.92,FRED:DHHNGSP
2021-09-23,4.94,FRED:DHHNGSP
2021-09-24,5.10,FRED:DHHNGSP
2021-09-27,5.53,FRED:DHHNGSP
2021-09-28,5.94,FRED:DHHNGSP
2021-09-29,5.73,FRED:DHHNGSP
2021-09-30,5.58,FRED:DHHNGSP
2021-10-01,5.61,FRED:DHHNGSP
2021-10-04,5.80,FRED:DHHNGSP
2021-10-05,6.37,FRED:DHHNGSP
2021-10-06,6.00,FRED:DHHNGSP
2021-10-07,5.71,FRED:DHHNGSP
2021-10-08,5.46,FRED:DHHNGSP
2021-10-11,5.46,FRED:DHHNGSP
2021-10-12,5.34,FRED:DHHNGSP
2021-10-13,5.56,FRED:DHHNGSP
2021-10-14,5.92,FRED:DHHNGSP
2021-10-15,5.44,FRED:DHHNGSP
2021-10-18,5.01,FRED:DHHNGSP
2021-10-19,4.81,FRED:DHHNGSP
2021-10-20,4.87,FRED:DHHNGSP
2021-10-21,4.94,FRED:DHHNGSP
2021-10-22,5.10,FRED:DHHNGSP
2021-10-25,5.72,FRED:DHHNGSP
2021-10-26,5.59,FRED:DHHNGSP
2021-10-27,5.91,FRED:DHHNGSP
2021-10-28,5.68,FRED:DHHNGSP
2021-10-29,5.49,FRED:DHHNGSP
2021-11-01,5.22,FRED:DHHNGSP
2021-11-02,5.33,FRED:DHHNGSP
2021-11-03,5.59,FRED:DHHNGSP
2021-11-04,5.73,FRED:DHHNGSP
2021-11-05,5.51,FRED:DHHNGSP
2021-11-08,5.53,FRED:DHHNGSP
2021-11-09,5.08,FRED:DHHNGSP
2021-11-10,4.56,FRED:DHHNGSP
2021-11-11,4.81,FRED:DHHNGSP
2021-11-12,4.97,FRED:DHHNGSP
2021-11-15,4.77,FRED:DHHNGSP
2021-11-16,5.11,FRED:DHHNGSP
2021-11-17,4.82,FRED:DHHNGSP
2021-11-18,4.95,FRED:DHHNGSP
2021-11-19,4.90,FRED:DHHNGSP
2021-11-22,4.83,FRED:DHHNGSP
2021-11-23,4.95,FRED:DHHNGSP
2021-11-24,4.93,FRED:DHHNGSP
2021-11-25,,FRED:DHHNGSP
2021-11-26,,FRED:DHHNGSP
2021-11-29,4.90,FRED:DHHNGSP
2021-11-30,4.52,FRED:DHHNGSP
2021-12-01,4.31,FRED:DHHNGSP
2021-12-02,4.08,FRED:DHHNGSP
2021-12-03,3.79,FRED:DHHNGSP
2021-12-06,3.66,FRED:DHHNGSP
2021-12-07,3.60,FRED:DHHNGSP
2021-12-08,3.79,FRED:DHHNGSP
2021-12-09,3.67,FRED:DHHNGSP
2021-12-10,3.65,FRED:DHHNGSP
2021-12-13,4.05,FRED:DHHNGSP
2021-12-14,3.71,FRED:DHHNGSP
2021-12-15,3.79,FRED:DHHNGSP
2021-12-16,3.67,FRED:DHHNGSP
2021-12-17,3.71,FRED:DHHNGSP
2021-12-20,3.91,FRED:DHHNGSP
2021-12-21,3.96,FRED:DHHNGSP
2021-12-22,3.95,FRED:DHHNGSP
2021-12-23,3.56,FRED:DHHNGSP
2021-12-24,,FRED:DHHNGSP
2021-12-27,3.45,FRED:DHHNGSP
2021-12-28,3.32,FRED:DHHNGSP
2021-12-29,3.40,FRED:DHHNGSP
2021-12-30,3.82,FRED:DHHNGSP
2021-12-31,3.82,FRED:DHHNGSP
2022-01-03,3.74,FRED:DHHNGSP
2022-01-04,3.73,FRED:DHHNGSP
2022-01-05,3.78,FRED:DHHNGSP
2022-01-06,3.94,FRED:DHHNGSP
2022-01-07,3.83,FRED:DHHNGSP
2022-01-10,4.16,FRED:DHHNGSP
2022-01-11,4.16,FRED:DHHNGSP
2022-01-12,4.62,FRED:DHHNGSP
2022-01-13,4.78,FRED:DHHNGSP
2022-01-14,4.37,FRED:DHHNGSP
2022-01-17,,FRED:DHHNGSP
2022-01-18,4.55,FRED:DHHNGSP
2022-01-19,4.89,FRED:DHHNGSP
2022-01-20,4.45,FRED:DHHNGSP
2022-01-21,4.11,FRED:DHHNGSP
2022-01-24,4.20,FRED:DHHNGSP
2022-01-25,4.24,FRED:DHHNGSP
2022-01-26,4.43,FRED:DHHNGSP
2022-01-27,4.43,FRED:DHHNGSP
2022-01-28,5.69,FRED:DHHNGSP
2022-01-31,5.56,FRED:DHHNGSP
2022-02-01,5.45,FRED:DHHNGSP
2022-02-02,6.70,FRED:DHHNGSP
2022-02-03,5.84,FRED:DHHNGSP
2022-02-04,5.34,FRED:DHHNGSP
2022-02-07,4.44,FRED:DHHNGSP
2022-02-08,4.30,FRED:DHHNGSP
2022-02-09,4.13,FRED:DHHNGSP
2022-02-10,4.03,FRED:DHHNGSP
2022-02-11,4.04,FRED:DHHNGSP
2022-02-14,4.05,FRED:DHHNGSP
2022-02-15,4.31,FRED:DHHNGSP
2022-02-16,4.39,FRED:DHHNGSP
2022-02-17,4.57,FRED:DHHNGSP
2022-02-18,4.61,FRED:DHHNGSP
2022-02-21,,FRED:DHHNGSP
2022-02-22,4.48,FRED:DHHNGSP
2022-02-23,4.59,FRED:DHHNGSP
2022-02-24,4.78,FRED:DHHNGSP
2022-02-25,4.63,FRED:DHHNGSP
2022-02-28,4.46,FRED:DHHNGSP
2022-03-01,4.36,FRED:DHHNGSP
2022-03-02,4.65,FRED:DHHNGSP
2022-03-03,4.63,FRED:DHHNGSP
2022-03-04,4.74,FRED:DHHNGSP
2022-03-07,4.93,FRED:DHHNGSP
2022-03-08,4.61,FRED:DHHNGSP
2022-03-09,4.55,FRED:DHHNGSP
2022-03-10,4.65,FRED:DHHNGSP
2022-03-11,4.79,FRED:DHHNGSP
2022-03-14,4.59,FRED:DHHNGSP
2022-03-15,4.46,FRED:DHHNGSP
2022-03-16,4.68,FRED:DHHNGSP
2022-03-17,4.80,FRED:DHHNGSP
2022-03-18,4.87,FRED:DHHNGSP
2022-03-21,4.77,FRED:DHHNGSP
2022-03-22,5.00,FRED:DHHNGSP
2022-03-23,5.26,FRED:DHHNGSP
2022-03-24,5.19,FRED:DHHNGSP
2022-03-25,5.51,FRED:DHHNGSP
2022-03-28,5.52,FRED:DHHNGSP
2022-03-29,5.32,FRED:DHHNGSP
2022-03-30,5.32,FRED:DHHNGSP
2022-03-31,5.46,FRED:DHHNGSP
2022-04-01,5.43,FRED:DHHNGSP
2022-04-04,5.72,FRED:DHHNGSP
2022-04-05,5.95,FRED:DHHNGSP
2022-04-06,6.29,FRED:DHHNGSP
2022-04-07,6.05,FRED:DHHNGSP
2022-04-08,6.38,FRED:DHHNGSP
2022-04-11,6.35,FRED:DHHNGSP
2022-04-12,6.59,FRED:DHHNGSP
2022-04-13,6.68,FRED:DHHNGSP
2022-04-14,6.94,FRED:DHHNGSP
2022-04-15,,FRED:DHHNGSP
2022-04-18,7.48,FRED:DHHNGSP
2022-04-19,7.44,FRED:DHHNGSP
2022-04-20,7.12,FRED:DHHNGSP
2022-04-21,6.88,FRED:DHHNGSP
2022-04-22,6.59,FRED:DHHNGSP
2022-04-25,6.42,FRED:DHHNGSP
2022-04-26,6.89,FRED:DHHNGSP
2022-04-27,6.91,FRED:DHHNGSP
2022-04-28,6.97,FRED:DHHNGSP
2022-04-29,6.84,FRED:DHHNGSP
2022-05-02,7.30,FRED:DHHNGSP
2022-05-03,7.84,FRED:DHHNGSP
2022-05-04,8.30,FRED:DHHNGSP
2022-05-05,8.42,FRED:DHHNGSP
2022-05-06,8.35,FRED:DHHNGSP
2022-05-09,8.06,FRED:DHHNGSP
2022-05-10,6.78,FRED:DHHNGSP
2022-05-11,7.53,FRED:DHHNGSP
2022-05-12,7.25,FRED:DHHNGSP
2022-05-13,7.75,FRED:DHHNGSP
2022-05-16,8.07,FRED:DHHNGSP
2022-05-17,8.26,FRED:DHHNGSP
2022-05-18,8.53,FRED:DHHNGSP
2022-05-19,8.21,FRED:DHHNGSP
2022-05-20,7.97,FRED:DHHNGSP
2022-05-23,8.16,FRED:DHHNGSP
2022-05-24,8.87,FRED:DHHNGSP
2022-05-25,9.44,FRED:DHHNGSP
2022-05-26,9.19,FRED:DHHNGSP
2022-05-27,8.30,FRED:DHHNGSP
2022-05-30,,FRED:DHHNGSP
2022-05-31,8.46,FRED:DHHNGSP
2022-06-01,8.47,FRED:DHHNGSP
2022-06-02,8.90,FRED:DHHNGSP
2022-06-03,8.34,FRED:DHHNGSP
2022-06-06,9.08,FRED:DHHNGSP
2022-06-07,9.28,FRED:DHHNGSP
2022-06-08,9.43,FRED:DHHNGSP
2022-06-09,8.16,FRED:DHHNGSP
2022-06-10,8.78,FRED:DHHNGSP
2022-06-13,9.00,FRED:DHHNGSP
2022-06-14,7.68,FRED:DHHNGSP
2022-06-15,7.72,FRED:DHHNGSP
2022-06-16,7.88,FRED:DHHNGSP
2022-06-17,7.37,FRED:DHHNGSP
2022-06-20,,FRED:DHHNGSP
2022-06-21,6.60,FRED:DHHNGSP
2022-06-22,6.76,FRED:DHHNGSP
2022-06-23,6.54,FRED:DHHNGSP
2022-06-24,5.80,FRED:DHHNGSP
2022-06-27,6.09,FRED:DHHNGSP
2022-06-28,6.66,FRED:DHHNGSP
2022-06-29,6.69,FRED:DHHNGSP
2022-06-30,6.54,FRED:DHHNGSP
2022-07-01,5.75,FRED:DHHNGSP
2022-07-04,,FRED:DHHNGSP
2022-07-05,5.72,FRED:DHHNGSP
2022-07-06,5.65,FRED:DHHNGSP
2022-07-07,5.83,FRED:DHHNGSP
2022-07-08,6.40,FRED:DHHNGSP
2022-07-11,6.82,FRED:DHHNGSP
2022-07-12,6.81,FRED:DHHNGSP
2022-07-13,6.68,FRED:DHHNGSP
2022-07-14,6.90,FRED:DHHNGSP
2022-07-15,6.60,FRED:DHHNGSP
2022-07-18,7.65,FRED:DHHNGSP
2022-07-19,7.35,FRED:DHHNGSP
2022-07-20,7.58,FRED:DHHNGSP
2022-07-21,7.99,FRED:DHHNGSP
2022-07-22,8.25,FRED:DHHNGSP
2022-07-25,8.52,FRED:DHHNGSP
2022-07-26,9.46,FRED:DHHNGSP
2022-07-27,8.65,FRED:DHHNGSP
2022-07-28,8.75,FRED:DHHNGSP
2022-07-29,8.33,FRED:DHHNGSP
2022-08-01,8.20,FRED:DHHNGSP
2022-08-02,8.01,FRED:DHHNGSP
2022-08-03,7.81,FRED:DHHNGSP
2022-08-04,8.40,FRED:DHHNGSP
2022-08-05,8.30,FRED:DHHNGSP
2022-08-08,7.76,FRED:DHHNGSP
2022-08-09,7.87,FRED:DHHNGSP
2022-08-10,7.86,FRED:DHHNGSP
2022-08-11,8.53,FRED:DHHNGSP
2022-08-12,8.73,FRED:DHHNGSP
2022-08-15,8.62,FRED:DHHNGSP
2022-08-16,9.28,FRED:DHHNGSP
2022-08-17,9.51,FRED:DHHNGSP
2022-08-18,9.42,FRED:DHHNGSP
2022-08-19,9.14,FRED:DHHNGSP
2022-08-22,9.85,FRED:DHHNGSP
2022-08-23,9.75,FRED:DHHNGSP
2022-08-24,9.27,FRED:DHHNGSP
2022-08-25,9.47,FRED:DHHNGSP
2022-08-26,9.48,FRED:DHHNGSP
2022-08-29,9.24,FRED:DHHNGSP
2022-08-30,9.10,FRED:DHHNGSP
2022-08-31,8.93,FRED:DHHNGSP
2022-09-01,9.38,FRED:DHHNGSP
2022-09-02,9.18,FRED:DHHNGSP
2022-09-05,,FRED:DHHNGSP
2022-09-06,8.52,FRED:DHHNGSP
2022-09-07,8.12,FRED:DHHNGSP
2022-09-08,8.27,FRED:DHHNGSP
2022-09-09,8.31,FRED:DHHNGSP
2022-09-12,8.20,FRED:DHHNGSP
2022-09-13,8.49,FRED:DHHNGSP
2022-09-14,8.70,FRED:DHHNGSP
2022-09-15,8.60,FRED:DHHNGSP
2022-09-16,8.11,FRED:DHHNGSP
2022-09-19,7.96,FRED:DHHNGSP
2022-09-20,8.01,FRED:DHHNGSP
2022-09-21,7.99,FRED:DHHNGSP
2022-09-22,7.76,FRED:DHHNGSP
2022-09-23,6.75,FRED:DHHNGSP
2022-09-26,6.75,FRED:DHHNGSP
2022-09-27,6.83,FRED:DHHNGSP
2022-09-28,6.59,FRED:DHHNGSP
2022-09-29,6.57,FRED:DHHNGSP
2022-09-30,6.40,FRED:DHHNGSP
2022-10-03,5.64,FRED:DHHNGSP
2022-10-04,5.40,FRED:DHHNGSP
2022-10-05,5.84,FRED:DHHNGSP
2022-10-06,6.91,FRED:DHHNGSP
2022-10-07,6.25,FRED:DHHNGSP
2022-10-10,,FRED:DHHNGSP
2022-10-11,6.20,FRED:DHHNGSP
2022-10-12,6.60,FRED:DHHNGSP
2022-10-13,6.25,FRED:DHHNGSP
2022-10-14,6.10,FRED:DHHNGSP
2022-10-17,6.08,FRED:DHHNGSP
2022-10-18,6.16,FRED:DHHNGSP
2022-10-19,5.63,FRED:DHHNGSP
2022-10-20,5.10,FRED:DHHNGSP
2022-10-21,4.45,FRED:DHHNGSP
2022-10-24,4.81,FRED:DHHNGSP
2022-10-25,5.17,FRED:DHHNGSP
2022-10-26,5.28,FRED:DHHNGSP
2022-10-27,5.30,FRED:DHHNGSP
2022-10-28,5.02,FRED:DHHNGSP
2022-10-31,5.02,FRED:DHHNGSP
2022-11-01,4.57,FRED:DHHNGSP
2022-11-02,4.58,FRED:DHHNGSP
2022-11-03,4.65,FRED:DHHNGSP
2022-11-04,4.00,FRED:DHHNGSP
2022-11-07,4.62,FRED:DHHNGSP
2022-11-08,4.00,FRED:DHHNGSP
2022-11-09,3.46,FRED:DHHNGSP
2022-11-10,4.80,FRED:DHHNGSP
2022-11-11,4.80,FRED:DHHNGSP
2022-11-14,6.24,FRED:DHHNGSP
2022-11-15,5.90,FRED:DHHNGSP
2022-11-16,5.88,FRED:DHHNGSP
2022-11-17,6.20,FRED:DHHNGSP
2022-11-18,6.10,FRED:DHHNGSP
2022-11-21,6.23,FRED:DHHNGSP
2022-11-22,6.27,FRED:DHHNGSP
2022-11-23,6.57,FRED:DHHNGSP
2022-11-24,,FRED:DHHNGSP
2022-11-25,6.57,FRED:DHHNGSP
2022-11-28,6.00,FRED:DHHNGSP
2022-11-29,6.03,FRED:DHHNGSP
2022-11-30,7.00,FRED:DHHNGSP
2022-12-01,6.33,FRED:DHHNGSP
2022-12-02,4.92,FRED:DHHNGSP
2022-12-05,4.15,FRED:DHHNGSP
2022-12-06,4.58,FRED:DHHNGSP
2022-12-07,4.49,FRED:DHHNGSP
2022-12-08,4.79,FRED:DHHNGSP
2022-12-09,4.98,FRED:DHHNGSP
2022-12-12,6.73,FRED:DHHNGSP
2022-12-13,7.20,FRED:DHHNGSP
2022-12-14,6.54,FRED:DHHNGSP
2022-12-15,6.80,FRED:DHHNGSP
2022-12-16,6.63,FRED:DHHNGSP
2022-12-19,6.08,FRED:DHHNGSP
2022-12-20,5.28,FRED:DHHNGSP
2022-12-21,6.13,FRED:DHHNGSP
2022-12-22,7.10,FRED:DHHNGSP
2022-12-23,7.15,FRED:DHHNGSP
2022-12-26,,FRED:DHHNGSP
2022-12-27,4.88,FRED:DHHNGSP
2022-12-28,4.06,FRED:DHHNGSP
2022-12-29,3.78,FRED:DHHNGSP
2022-12-30,3.52,FRED:DHHNGSP
2023-01-02,,FRED:DHHNGSP
2023-01-03,3.64,FRED:DHHNGSP
2023-01-04,3.75,FRED:DHHNGSP
2023-01-05,3.78,FRED:DHHNGSP
2023-01-06,3.43,FRED:DHHNGSP
2023-01-09,3.65,FRED:DHHNGSP
2023-01-10,3.32,FRED:DHHNGSP
2023-01-11,3.41,FRED:DHHNGSP
2023-01-12,3.47,FRED:DHHNGSP
2023-01-13,3.43,FRED:DHHNGSP
2023-01-16,,FRED:DHHNGSP
2023-01-17,3.43,FRED:DHHNGSP
2023-01-18,3.20,FRED:DHHNGSP
2023-01-19,2.91,FRED:DHHNGSP
2023-01-20,3.15,FRED:DHHNGSP
2023-01-23,3.43,FRED:DHHNGSP
2023-01-24,3.35,FRED:DHHNGSP
2023-01-25,3.09,FRED:DHHNGSP
2023-01-26,2.72,FRED:DHHNGSP
2023-01-27,2.83,FRED:DHHNGSP
2023-01-30,2.82,FRED:DHHNGSP
2023-01-31,2.65,FRED:DHHNGSP
2023-02-01,2.65,FRED:DHHNGSP
2023-02-02,2.67,FRED:DHHNGSP
2023-02-03,2.40,FRED:DHHNGSP
2023-02-06,2.17,FRED:DHHNGSP
2023-02-07,2.35,FRED:DHHNGSP
2023-02-08,2.40,FRED:DHHNGSP
2023-02-09,2.40,FRED:DHHNGSP
2023-02-10,2.37,FRED:DHHNGSP
2023-02-13,2.42,FRED:DHHNGSP
2023-02-14,2.42,FRED:DHHNGSP
2023-02-15,2.45,FRED:DHHNGSP
2023-02-16,2.48,FRED:DHHNGSP
2023-02-17,2.28,FRED:DHHNGSP
2023-02-20,,FRED:DHHNGSP
2023-02-21,2.12,FRED:DHHNGSP
2023-02-22,2.07,FRED:DHHNGSP
2023-02-23,2.17,FRED:DHHNGSP
2023-02-24,2.36,FRED:DHHNGSP
2023-02-27,2.55,FRED:DHHNGSP
2023-02-28,2.50,FRED:DHHNGSP
2023-03-01,2.59,FRED:DHHNGSP
2023-03-02,2.67,FRED:DHHNGSP
2023-03-03,2.66,FRED:DHHNGSP
2023-03-06,2.46,FRED:DHHNGSP
2023-03-07,2.52,FRED:DHHNGSP
2023-03-08,2.50,FRED:DHHNGSP
2023-03-09,2.50,FRED:DHHNGSP
2023-03-10,2.40,FRED:DHHNGSP
2023-03-13,2.40,FRED:DHHNGSP
2023-03-14,2.65,FRED:DHHNGSP
2023-03-15,2.45,FRED:DHHNGSP
2023-03-16,2.45,FRED:DHHNGSP
2023-03-17,2.42,FRED:DHHNGSP
2023-03-20,2.23,FRED:DHHNGSP
2023-03-21,1.93,FRED:DHHNGSP
2023-03-22,2.03,FRED:DHHNGSP
2023-03-23,2.08,FRED:DHHNGSP
2023-03-24,2.04,FRED:DHHNGSP
2023-03-27,2.04,FRED:DHHNGSP
2023-03-28,2.02,FRED:DHHNGSP
2023-03-29,1.94,FRED:DHHNGSP
2023-03-30,1.95,FRED:DHHNGSP
2023-03-31,2.10,FRED:DHHNGSP
2023-04-03,2.09,FRED:DHHNGSP
2023-04-04,2.13,FRED:DHHNGSP
2023-04-05,2.17,FRED:DHHNGSP
2023-04-06,2.18,FRED:DHHNGSP
2023-04-07,,FRED:DHHNGSP
2023-04-10,2.15,FRED:DHHNGSP
2023-04-11,2.19,FRED:DHHNGSP
2023-04-12,2.22,FRED:DHHNGSP
2023-04-13,2.04,FRED:DHHNGSP
2023-04-14,1.87,FRED:DHHNGSP
2023-04-17,2.21,FRED:DHHNGSP
2023-04-18,2.23,FRED:DHHNGSP
2023-04-19,2.20,FRED:DHHNGSP
2023-04-20,2.19,FRED:DHHNGSP
2023-04-21,2.20,FRED:DHHNGSP
2023-04-24,2.19,FRED:DHHNGSP
2023-04-25,2.21,FRED:DHHNGSP
2023-04-26,2.19,FRED:DHHNGSP
2023-04-27,2.17,FRED:DHHNGSP
2023-04-28,2.27,FRED:DHHNGSP
2023-05-01,2.24,FRED:DHHNGSP
2023-05-02,2.12,FRED:DHHNGSP
2023-05-03,2.01,FRED:DHHNGSP
2023-05-04,1.96,FRED:DHHNGSP
2023-05-05,1.85,FRED:DHHNGSP
2023-05-08,2.12,FRED:DHHNGSP
2023-05-09,2.22,FRED:DHHNGSP
2023-05-10,2.12,FRED:DHHNGSP
2023-05-11,2.07,FRED:DHHNGSP
2023-05-12,1.98,FRED:DHHNGSP
2023-05-15,2.25,FRED:DHHNGSP
2023-05-16,2.28,FRED:DHHNGSP
2023-05-17,2.25,FRED:DHHNGSP
2023-05-18,2.30,FRED:DHHNGSP
2023-05-19,2.37,FRED:DHHNGSP
2023-05-22,2.30,FRED:DHHNGSP
2023-05-23,2.22,FRED:DHHNGSP
2023-05-24,2.25,FRED:DHHNGSP
2023-05-25,2.23,FRED:DHHNGSP
2023-05-26,1.88,FRED:DHHNGSP
2023-05-29,,FRED:DHHNGSP
2023-05-30,2.11,FRED:DHHNGSP
2023-05-31,2.10,FRED:DHHNGSP
2023-06-01,1.77,FRED:DHHNGSP
2023-06-02,1.74,FRED:DHHNGSP
2023-06-05,1.92,FRED:DHHNGSP
2023-06-06,1.95,FRED:DHHNGSP
2023-06-07,2.13,FRED:DHHNGSP
2023-06-08,2.10,FRED:DHHNGSP
2023-06-09,1.85,FRED:DHHNGSP
2023-06-12,1.90,FRED:DHHNGSP
2023-06-13,2.00,FRED:DHHNGSP
2023-06-14,2.05,FRED:DHHNGSP
2023-06-15,2.18,FRED:DHHNGSP
2023-06-16,2.13,FRED:DHHNGSP
2023-06-19,,FRED:DHHNGSP
2023-06-20,2.38,FRED:DHHNGSP
2023-06-21,2.24,FRED:DHHNGSP
2023-06-22,2.27,FRED:DHHNGSP
2023-06-23,2.22,FRED:DHHNGSP
2023-06-26,2.62,FRED:DHHNGSP
2023-06-27,2.68,FRED:DHHNGSP
2023-06-28,2.71,FRED:DHHNGSP
2023-06-29,2.40,FRED:DHHNGSP
2023-06-30,2.48,FRED:DHHNGSP
2023-07-03,2.48,FRED:DHHNGSP
2023-07-04,,FRED:DHHNGSP
2023-07-05,2.65,FRED:DHHNGSP
2023-07-06,2.50,FRED:DHHNGSP
2023-07-07,2.49,FRED:DHHNGSP
2023-07-10,2.55,FRED:DHHNGSP
2023-07-11,2.57,FRED:DHHNGSP
2023-07-12,2.55,FRED:DHHNGSP
2023-07-13,2.50,FRED:DHHNGSP
2023-07-14,2.50,FRED:DHHNGSP
2023-07-17,2.46,FRED:DHHNGSP
2023-07-18,2.52,FRED:DHHNGSP
2023-07-19,2.51,FRED:DHHNGSP
2023-07-20,2.61,FRED:DHHNGSP
2023-07-21,2.61,FRED:DHHNGSP
2023-07-24,2.68,FRED:DHHNGSP
2023-07-25,2.66,FRED:DHHNGSP
2023-07-26,2.60,FRED:DHHNGSP
2023-07-27,2.47,FRED:DHHNGSP
2023-07-28,2.53,FRED:DHHNGSP
2023-07-31,2.58,FRED:DHHNGSP
2023-08-01,2.49,FRED:DHHNGSP
2023-08-02,2.43,FRED:DHHNGSP
2023-08-03,2.44,FRED:DHHNGSP
2023-08-04,2.53,FRED:DHHNGSP
2023-08-07,2.65,FRED:DHHNGSP
2023-08-08,2.77,FRED:DHHNGSP
2023-08-09,2.92,FRED:DHHNGSP
2023-08-10,2.83,FRED:DHHNGSP
2023-08-11,2.61,FRED:DHHNGSP
2023-08-14,2.74,FRED:DHHNGSP
2023-08-15,2.65,FRED:DHHNGSP
2023-08-16,2.55,FRED:DHHNGSP
2023-08-17,2.56,FRED:DHHNGSP
2023-08-18,2.44,FRED:DHHNGSP
2023-08-21,2.60,FRED:DHHNGSP
2023-08-22,2.58,FRED:DHHNGSP
2023-08-23,2.60,FRED:DHHNGSP
2023-08-24,2.42,FRED:DHHNGSP
2023-08-25,2.46,FRED:DHHNGSP
2023-08-28,2.60,FRED:DHHNGSP
2023-08-29,2.50,FRED:DHHNGSP
2023-08-30,2.48,FRED:DHHNGSP
2023-08-31,2.56,FRED:DHHNGSP
2023-09-01,2.70,FRED:DHHNGSP
2023-09-04,,FRED:DHHNGSP
2023-09-05,2.60,FRED:DHHNGSP
2023-09-06,2.49,FRED:DHHNGSP
2023-09-07,2.45,FRED:DHHNGSP
2023-09-08,2.53,FRED:DHHNGSP
2023-09-11,2.50,FRED:DHHNGSP
2023-09-12,2.72,FRED:DHHNGSP
2023-09-13,2.76,FRED:DHHNGSP
2023-09-14,2.81,FRED:DHHNGSP
2023-09-15,2.74,FRED:DHHNGSP
2023-09-18,2.54,FRED:DHHNGSP
2023-09-19,2.46,FRED:DHHNGSP
2023-09-20,2.78,FRED:DHHNGSP
2023-09-21,2.70,FRED:DHHNGSP
2023-09-22,2.63,FRED:DHHNGSP
2023-09-25,2.63,FRED:DHHNGSP
2023-09-26,2.55,FRED:DHHNGSP
2023-09-27,2.72,FRED:DHHNGSP
2023-09-28,2.74,FRED:DHHNGSP
2023-09-29,2.68,FRED:DHHNGSP
2023-10-02,2.70,FRED:DHHNGSP
2023-10-03,2.71,FRED:DHHNGSP
2023-10-04,2.92,FRED:DHHNGSP
2023-10-05,2.92,FRED:DHHNGSP
2023-10-06,3.30,FRED:DHHNGSP
2023-10-09,,FRED:DHHNGSP
2023-10-10,3.34,FRED:DHHNGSP
2023-10-11,3.19,FRED:DHHNGSP
2023-10-12,3.16,FRED:DHHNGSP
2023-10-13,3.11,FRED:DHHNGSP
2023-10-16,2.98,FRED:DHHNGSP
2023-10-17,2.94,FRED:DHHNGSP
2023-10-18,2.92,FRED:DHHNGSP
2023-10-19,2.84,FRED:DHHNGSP
2023-10-20,2.60,FRED:DHHNGSP
2023-10-23,2.65,FRED:DHHNGSP
2023-10-24,2.85,FRED:DHHNGSP
2023-10-25,2.86,FRED:DHHNGSP
2023-10-26,2.87,FRED:DHHNGSP
2023-10-27,3.24,FRED:DHHNGSP
2023-10-30,3.17,FRED:DHHNGSP
2023-10-31,3.34,FRED:DHHNGSP
2023-11-01,3.19,FRED:DHHNGSP
2023-11-02,3.12,FRED:DHHNGSP
2023-11-03,3.00,FRED:DHHNGSP
2023-11-06,2.71,FRED:DHHNGSP
2023-11-07,2.00,FRED:DHHNGSP
2023-11-08,2.18,FRED:DHHNGSP
2023-11-09,2.71,FRED:DHHNGSP
2023-11-10,2.71,FRED:DHHNGSP
2023-11-13,2.61,FRED:DHHNGSP
2023-11-14,2.69,FRED:DHHNGSP
2023-11-15,2.88,FRED:DHHNGSP
2023-11-16,2.91,FRED:DHHNGSP
2023-11-17,2.62,FRED:DHHNGSP
2023-11-20,2.49,FRED:DHHNGSP
2023-11-21,2.63,FRED:DHHNGSP
2023-11-22,2.72,FRED:DHHNGSP
2023-11-23,,FRED:DHHNGSP
2023-11-24,2.72,FRED:DHHNGSP
2023-11-27,2.74,FRED:DHHNGSP
2023-11-28,2.78,FRED:DHHNGSP
2023-11-29,2.70,FRED:DHHNGSP
2023-11-30,2.75,FRED:DHHNGSP
2023-12-01,2.63,FRED:DHHNGSP
2023-12-04,2.55,FRED:DHHNGSP
2023-12-05,2.72,FRED:DHHNGSP
2023-12-06,2.76,FRED:DHHNGSP
2023-12-07,2.52,FRED:DHHNGSP
2023-12-08,2.57,FRED:DHHNGSP
2023-12-11,2.39,FRED:DHHNGSP
2023-12-12,2.37,FRED:DHHNGSP
2023-12-13,2.33,FRED:DHHNGSP
2023-12-14,2.39,FRED:DHHNGSP
2023-12-15,2.44,FRED:DHHNGSP
2023-12-18,2.59,FRED:DHHNGSP
2023-12-19,2.44,FRED:DHHNGSP
2023-12-20,2.48,FRED:DHHNGSP
2023-12-21,2.48,FRED:DHHNGSP
2023-12-22,2.54,FRED:DHHNGSP
2023-12-25,,FRED:DHHNGSP
2023-12-26,2.50,FRED:DHHNGSP
2023-12-27,2.63,FRED:DHHNGSP
2023-12-28,2.55,FRED:DHHNGSP
2023-12-29,2.58,FRED:DHHNGSP
2024-01-01,,FRED:DHHNGSP
2024-01-02,2.56,FRED:DHHNGSP
2024-01-03,2.57,FRED:DHHNGSP
2024-01-04,2.83,FRED:DHHNGSP
2024-01-05,2.75,FRED:DHHNGSP
2024-01-08,2.72,FRED:DHHNGSP
2024-01-09,3.25,FRED:DHHNGSP
2024-01-10,3.25,FRED:DHHNGSP
2024-01-11,3.15,FRED:DHHNGSP
2024-01-12,13.20,FRED:DHHNGSP
2024-01-15,,FRED:DHHNGSP
2024-01-16,3.25,FRED:DHHNGSP
2024-01-17,2.86,FRED:DHHNGSP
2024-01-18,2.88,FRED:DHHNGSP
2024-01-19,2.70,FRED:DHHNGSP
2024-01-22,2.35,FRED:DHHNGSP
2024-01-23,2.15,FRED:DHHNGSP
2024-01-24,2.45,FRED:DHHNGSP
2024-01-25,2.56,FRED:DHHNGSP
2024-01-26,2.36,FRED:DHHNGSP
2024-01-29,2.41,FRED:DHHNGSP
2024-01-30,2.26,FRED:DHHNGSP
2024-01-31,2.19,FRED:DHHNGSP
2024-02-01,2.15,FRED:DHHNGSP
2024-02-02,2.01,FRED:DHHNGSP
2024-02-05,2.12,FRED:DHHNGSP
2024-02-06,2.10,FRED:DHHNGSP
2024-02-07,1.94,FRED:DHHNGSP
2024-02-08,1.74,FRED:DHHNGSP
2024-02-09,1.74,FRED:DHHNGSP
2024-02-12,1.76,FRED:DHHNGSP
2024-02-13,1.61,FRED:DHHNGSP
2024-02-14,1.51,FRED:DHHNGSP
2024-02-15,1.53,FRED:DHHNGSP
2024-02-16,1.55,FRED:DHHNGSP
2024-02-19,,FRED:DHHNGSP
2024-02-20,1.50,FRED:DHHNGSP
2024-02-21,1.58,FRED:DHHNGSP
2024-02-22,1.62,FRED:DHHNGSP
2024-02-23,1.52,FRED:DHHNGSP
2024-02-26,1.65,FRED:DHHNGSP
2024-02-27,1.52,FRED:DHHNGSP
2024-02-28,1.61,FRED:DHHNGSP
2024-02-29,1.67,FRED:DHHNGSP
2024-03-01,1.47,FRED:DHHNGSP
2024-03-04,1.48,FRED:DHHNGSP
2024-03-05,1.51,FRED:DHHNGSP
2024-03-06,1.67,FRED:DHHNGSP
2024-03-07,1.56,FRED:DHHNGSP
2024-03-08,1.54,FRED:DHHNGSP
2024-03-11,1.54,FRED:DHHNGSP
2024-03-12,1.57,FRED:DHHNGSP
2024-03-13,1.25,FRED:DHHNGSP
2024-03-14,1.26,FRED:DHHNGSP
2024-03-15,1.38,FRED:DHHNGSP
2024-03-18,1.54,FRED:DHHNGSP
2024-03-19,1.55,FRED:DHHNGSP
2024-03-20,1.58,FRED:DHHNGSP
2024-03-21,1.55,FRED:DHHNGSP
2024-03-22,1.50,FRED:DHHNGSP
2024-03-25,1.46,FRED:DHHNGSP
2024-03-26,1.48,FRED:DHHNGSP
2024-03-27,1.43,FRED:DHHNGSP
2024-03-28,1.54,FRED:DHHNGSP
2024-03-29,,FRED:DHHNGSP
2024-04-01,1.64,FRED:DHHNGSP
2024-04-02,1.65,FRED:DHHNGSP
2024-04-03,1.86,FRED:DHHNGSP
2024-04-04,1.78,FRED:DHHNGSP
2024-04-05,1.58,FRED:DHHNGSP
2024-04-08,1.73,FRED:DHHNGSP
2024-04-09,1.83,FRED:DHHNGSP
2024-04-10,1.90,FRED:DHHNGSP
2024-04-11,1.62,FRED:DHHNGSP
2024-04-12,1.36,FRED:DHHNGSP
2024-04-15,1.41,FRED:DHHNGSP
2024-04-16,1.38,FRED:DHHNGSP
2024-04-17,1.50,FRED:DHHNGSP
2024-04-18,1.59,FRED:DHHNGSP
2024-04-19,1.43,FRED:DHHNGSP
2024-04-22,1.64,FRED:DHHNGSP
2024-04-23,1.59,FRED:DHHNGSP
2024-04-24,1.60,FRED:DHHNGSP
2024-04-25,1.46,FRED:DHHNGSP
2024-04-26,1.40,FRED:DHHNGSP
2024-04-29,1.55,FRED:DHHNGSP
2024-04-30,1.68,FRED:DHHNGSP
2024-05-01,1.63,FRED:DHHNGSP
2024-05-02,1.66,FRED:DHHNGSP
2024-05-03,1.67,FRED:DHHNGSP
2024-05-06,1.88,FRED:DHHNGSP
2024-05-07,1.95,FRED:DHHNGSP
2024-05-08,2.01,FRED:DHHNGSP
2024-05-09,2.03,FRED:DHHNGSP
2024-05-10,2.14,FRED:DHHNGSP
2024-05-13,2.11,FRED:DHHNGSP
2024-05-14,2.14,FRED:DHHNGSP
2024-05-15,2.12,FRED:DHHNGSP
2024-05-16,2.32,FRED:DHHNGSP
2024-05-17,2.44,FRED:DHHNGSP
2024-05-20,2.52,FRED:DHHNGSP
2024-05-21,2.52,FRED:DHHNGSP
2024-05-22,2.51,FRED:DHHNGSP
2024-05-23,2.64,FRED:DHHNGSP
2024-05-24,2.22,FRED:DHHNGSP
2024-05-27,,FRED:DHHNGSP
2024-05-28,2.29,FRED:DHHNGSP
2024-05-29,2.20,FRED:DHHNGSP
2024-05-30,1.87,FRED:DHHNGSP
2024-05-31,1.78,FRED:DHHNGSP
2024-06-03,2.55,FRED:DHHNGSP
2024-06-04,2.58,FRED:DHHNGSP
2024-06-05,2.27,FRED:DHHNGSP
2024-06-06,2.30,FRED:DHHNGSP
2024-06-07,2.46,FRED:DHHNGSP
2024-06-10,2.61,FRED:DHHNGSP
2024-06-11,2.71,FRED:DHHNGSP
2024-06-12,2.80,FRED:DHHNGSP
2024-06-13,2.79,FRED:DHHNGSP
2024-06-14,2.74,FRED:DHHNGSP
2024-06-17,2.50,FRED:DHHNGSP
2024-06-18,2.43,FRED:DHHNGSP
2024-06-19,,FRED:DHHNGSP
2024-06-20,2.39,FRED:DHHNGSP
2024-06-21,2.44,FRED:DHHNGSP
2024-06-24,2.58,FRED:DHHNGSP
2024-06-25,2.61,FRED:DHHNGSP
2024-06-26,2.45,FRED:DHHNGSP
2024-06-27,2.55,FRED:DHHNGSP
2024-06-28,2.42,FRED:DHHNGSP
2024-07-01,2.21,FRED:DHHNGSP
2024-07-02,2.06,FRED:DHHNGSP
2024-07-03,2.02,FRED:DHHNGSP
2024-07-04,,FRED:DHHNGSP
2024-07-05,2.02,FRED:DHHNGSP
2024-07-08,2.10,FRED:DHHNGSP
2024-07-09,2.42,FRED:DHHNGSP
2024-07-10,2.40,FRED:DHHNGSP
2024-07-11,2.23,FRED:DHHNGSP
2024-07-12,2.17,FRED:DHHNGSP
2024-07-15,2.12,FRED:DHHNGSP
2024-07-16,2.10,FRED:DHHNGSP
2024-07-17,1.98,FRED:DHHNGSP
2024-07-18,2.00,FRED:DHHNGSP
2024-07-19,1.88,FRED:DHHNGSP
2024-07-22,2.19,FRED:DHHNGSP
2024-07-23,2.13,FRED:DHHNGSP
2024-07-24,2.00,FRED:DHHNGSP
2024-07-25,2.00,FRED:DHHNGSP
2024-07-26,1.98,FRED:DHHNGSP
2024-07-29,1.90,FRED:DHHNGSP
2024-07-30,1.81,FRED:DHHNGSP
2024-07-31,1.94,FRED:DHHNGSP
2024-08-01,1.95,FRED:DHHNGSP
2024-08-02,1.89,FRED:DHHNGSP
2024-08-05,1.83,FRED:DHHNGSP
2024-08-06,1.83,FRED:DHHNGSP
2024-08-07,1.96,FRED:DHHNGSP
2024-08-08,1.85,FRED:DHHNGSP
2024-08-09,1.94,FRED:DHHNGSP
2024-08-12,2.10,FRED:DHHNGSP
2024-08-13,2.16,FRED:DHHNGSP
2024-08-14,2.18,FRED:DHHNGSP
2024-08-15,2.19,FRED:DHHNGSP
2024-08-16,2.01,FRED:DHHNGSP
2024-08-19,2.12,FRED:DHHNGSP
2024-08-20,2.18,FRED:DHHNGSP
2024-08-21,2.14,FRED:DHHNGSP
2024-08-22,1.93,FRED:DHHNGSP
2024-08-23,1.82,FRED:DHHNGSP
2024-08-26,2.13,FRED:DHHNGSP
2024-08-27,1.91,FRED:DHHNGSP
2024-08-28,1.89,FRED:DHHNGSP
2024-08-29,1.85,FRED:DHHNGSP
2024-08-30,1.93,FRED:DHHNGSP
2024-09-02,,FRED:DHHNGSP
2024-09-03,1.93,FRED:DHHNGSP
2024-09-04,2.05,FRED:DHHNGSP
2024-09-05,2.02,FRED:DHHNGSP
2024-09-06,2.09,FRED:DHHNGSP
2024-09-09,2.03,FRED:DHHNGSP
2024-09-10,2.13,FRED:DHHNGSP
2024-09-11,2.13,FRED:DHHNGSP
2024-09-12,2.13,FRED:DHHNGSP
2024-09-13,2.25,FRED:DHHNGSP
2024-09-16,2.23,FRED:DHHNGSP
2024-09-17,2.33,FRED:DHHNGSP
2024-09-18,2.31,FRED:DHHNGSP
2024-09-19,2.24,FRED:DHHNGSP
2024-09-20,2.20,FRED:DHHNGSP
2024-09-23,2.40,FRED:DHHNGSP
2024-09-24,2.61,FRED:DHHNGSP
2024-09-25,2.62,FRED:DHHNGSP
2024-09-26,2.64,FRED:DHHNGSP
2024-09-27,2.53,FRED:DHHNGSP
2024-09-30,2.65,FRED:DHHNGSP
2024-10-01,2.67,FRED:DHHNGSP
2024-10-02,2.77,FRED:DHHNGSP
2024-10-03,2.75,FRED:DHHNGSP
2024-10-04,2.49,FRED:DHHNGSP
2024-10-07,2.51,FRED:DHHNGSP
2024-10-08,2.51,FRED:DHHNGSP
2024-10-09,2.43,FRED:DHHNGSP
2024-10-10,2.26,FRED:DHHNGSP
2024-10-11,2.31,FRED:DHHNGSP
2024-10-14,,FRED:DHHNGSP
2024-10-15,2.37,FRED:DHHNGSP
2024-10-16,2.21,FRED:DHHNGSP
2024-10-17,2.19,FRED:DHHNGSP
2024-10-18,1.82,FRED:DHHNGSP
2024-10-21,1.76,FRED:DHHNGSP
2024-10-22,1.76,FRED:DHHNGSP
2024-10-23,1.90,FRED:DHHNGSP
2024-10-24,2.04,FRED:DHHNGSP
2024-10-25,1.93,FRED:DHHNGSP
2024-10-28,2.03,FRED:DHHNGSP
2024-10-29,1.82,FRED:DHHNGSP
2024-10-30,2.03,FRED:DHHNGSP
2024-10-31,1.82,FRED:DHHNGSP
2024-11-01,1.42,FRED:DHHNGSP
2024-11-04,1.35,FRED:DHHNGSP
2024-11-05,1.62,FRED:DHHNGSP
2024-11-06,1.80,FRED:DHHNGSP
2024-11-07,1.49,FRED:DHHNGSP
2024-11-08,1.21,FRED:DHHNGSP
2024-11-11,1.21,FRED:DHHNGSP
2024-11-12,1.92,FRED:DHHNGSP
2024-11-13,2.06,FRED:DHHNGSP
2024-11-14,2.11,FRED:DHHNGSP
2024-11-15,1.65,FRED:DHHNGSP
2024-11-18,2.08,FRED:DHHNGSP
2024-11-19,2.10,FRED:DHHNGSP
2024-11-20,2.32,FRED:DHHNGSP
2024-11-21,2.84,FRED:DHHNGSP
2024-11-22,2.41,FRED:DHHNGSP
2024-11-25,2.78,FRED:DHHNGSP
2024-11-26,3.19,FRED:DHHNGSP
2024-11-27,3.39,FRED:DHHNGSP
2024-11-28,,FRED:DHHNGSP
2024-11-29,3.39,FRED:DHHNGSP
2024-12-02,3.05,FRED:DHHNGSP
2024-12-03,2.94,FRED:DHHNGSP
2024-12-04,2.75,FRED:DHHNGSP
2024-12-05,2.95,FRED:DHHNGSP
2024-12-06,2.83,FRED:DHHNGSP
2024-12-09,3.05,FRED:DHHNGSP
2024-12-10,2.90,FRED:DHHNGSP
2024-12-11,2.90,FRED:DHHNGSP
2024-12-12,3.12,FRED:DHHNGSP
2024-12-13,3.15,FRED:DHHNGSP
2024-12-16,2.87,FRED:DHHNGSP
2024-12-17,2.85,FRED:DHHNGSP
2024-12-18,3.01,FRED:DHHNGSP
2024-12-19,3.15,FRED:DHHNGSP
2024-12-20,3.10,FRED:DHHNGSP
2024-12-23,2.89,FRED:DHHNGSP
2024-12-24,2.95,FRED:DHHNGSP
2024-12-25,,FRED:DHHNGSP
2024-12-26,2.96,FRED:DHHNGSP
2024-12-27,2.91,FRED:DHHNGSP
2024-12-30,3.39,FRED:DHHNGSP
2024-12-31,3.40,FRED:DHHNGSP
2025-01-01,,FRED:DHHNGSP
2025-01-02,3.65,FRED:DHHNGSP
2025-01-03,3.40,FRED:DHHNGSP
2025-01-06,4.05,FRED:DHHNGSP
2025-01-07,3.80,FRED:DHHNGSP
2025-01-08,3.75,FRED:DHHNGSP
2025-01-09,3.94,FRED:DHHNGSP
2025-01-10,4.13,FRED:DHHNGSP
2025-01-13,4.40,FRED:DHHNGSP
2025-01-14,4.32,FRED:DHHNGSP
2025-01-15,4.45,FRED:DHHNGSP
2025-01-16,4.30,FRED:DHHNGSP
2025-01-17,9.86,FRED:DHHNGSP
2025-01-20,,FRED:DHHNGSP
2025-01-21,4.40,FRED:DHHNGSP
2025-01-22,3.91,FRED:DHHNGSP
2025-01-23,3.91,FRED:DHHNGSP
2025-01-24,3.84,FRED:DHHNGSP
2025-01-27,3.71,FRED:DHHNGSP
2025-01-28,3.40,FRED:DHHNGSP
2025-01-29,3.38,FRED:DHHNGSP
2025-01-30,3.12,FRED:DHHNGSP
2025-01-31,2.93,FRED:DHHNGSP
2025-02-03,3.30,FRED:DHHNGSP
2025-02-04,3.25,FRED:DHHNGSP
2025-02-05,3.22,FRED:DHHNGSP
2025-02-06,3.31,FRED:DHHNGSP
2025-02-07,3.32,FRED:DHHNGSP
2025-02-10,3.48,FRED:DHHNGSP
2025-02-11,3.65,FRED:DHHNGSP
2025-02-12,3.97,FRED:DHHNGSP
2025-02-13,4.43,FRED:DHHNGSP
2025-02-14,4.60,FRED:DHHNGSP
2025-02-17,,FRED:DHHNGSP
2025-02-18,6.40,FRED:DHHNGSP
2025-02-19,7.15,FRED:DHHNGSP
2025-02-20,5.62,FRED:DHHNGSP
2025-02-21,4.43,FRED:DHHNGSP
2025-02-24,3.86,FRED:DHHNGSP
2025-02-25,3.88,FRED:DHHNGSP
2025-02-26,3.90,FRED:DHHNGSP
2025-02-27,3.91,FRED:DHHNGSP
2025-02-28,3.91,FRED:DHHNGSP
2025-03-03,3.80,FRED:DHHNGSP
2025-03-04,4.39,FRED:DHHNGSP
2025-03-05,4.40,FRED:DHHNGSP
2025-03-06,4.39,FRED:DHHNGSP
2025-03-07,4.39,FRED:DHHNGSP
2025-03-10,4.23,FRED:DHHNGSP
2025-03-11,4.57,FRED:DHHNGSP
2025-03-12,4.18,FRED:DHHNGSP
2025-03-13,3.89,FRED:DHHNGSP
2025-03-14,3.89,FRED:DHHNGSP
2025-03-17,4.15,FRED:DHHNGSP
2025-03-18,4.17,FRED:DHHNGSP
2025-03-19,4.21,FRED:DHHNGSP
2025-03-20,4.23,FRED:DHHNGSP
2025-03-21,3.93,FRED:DHHNGSP
2025-03-24,4.03,FRED:DHHNGSP
2025-03-25,3.94,FRED:DHHNGSP
2025-03-26,3.85,FRED:DHHNGSP
2025-03-27,3.88,FRED:DHHNGSP
2025-03-28,3.89,FRED:DHHNGSP
2025-03-31,4.11,FRED:DHHNGSP
2025-04-01,3.96,FRED:DHHNGSP
2025-04-02,4.04,FRED:DHHNGSP
2025-04-03,4.21,FRED:DHHNGSP
2025-04-04,4.04,FRED:DHHNGSP
2025-04-07,3.97,FRED:DHHNGSP
2025-04-08,3.85,FRED:DHHNGSP
2025-04-09,3.42,FRED:DHHNGSP
2025-04-10,3.70,FRED:DHHNGSP
2025-04-11,3.44,FRED:DHHNGSP
2025-04-14,3.57,FRED:DHHNGSP
2025-04-15,3.27,FRED:DHHNGSP
2025-04-16,3.25,FRED:DHHNGSP
2025-04-17,2.94,FRED:DHHNGSP
2025-04-18,,FRED:DHHNGSP
2025-04-21,3.16,FRED:DHHNGSP
2025-04-22,3.12,FRED:DHHNGSP
2025-04-23,3.12,FRED:DHHNGSP
2025-04-24,2.87,FRED:DHHNGSP
2025-04-25,2.71,FRED:DHHNGSP
2025-04-28,2.96,FRED:DHHNGSP
2025-04-29,3.17,FRED:DHHNGSP
2025-04-30,3.12,FRED:DHHNGSP
2025-05-01,3.08,FRED:DHHNGSP
2025-05-02,3.10,FRED:DHHNGSP
2025-05-05,3.26,FRED:DHHNGSP
2025-05-06,3.08,FRED:DHHNGSP
2025-05-07,3.18,FRED:DHHNGSP
2025-05-08,3.23,FRED:DHHNGSP
2025-05-09,3.22,FRED:DHHNGSP
2025-05-12,3.19,FRED:DHHNGSP
2025-05-13,3.27,FRED:DHHNGSP
2025-05-14,3.31,FRED:DHHNGSP
2025-05-15,3.20,FRED:DHHNGSP
2025-05-16,3.01,FRED:DHHNGSP
2025-05-19,2.96,FRED:DHHNGSP
2025-05-20,3.15,FRED:DHHNGSP
2025-05-21,3.20,FRED:DHHNGSP
2025-05-22,3.00,FRED:DHHNGSP
2025-05-23,2.93,FRED:DHHNGSP
2025-05-26,,FRED:DHHNGSP
2025-05-27,3.20,FRED:DHHNGSP
2025-05-28,3.09,FRED:DHHNGSP
2025-05-29,2.97,FRED:DHHNGSP
2025-05-30,2.86,FRED:DHHNGSP
2025-06-02,3.00,FRED:DHHNGSP
2025-06-03,2.84,FRED:DHHNGSP
2025-06-04,2.80,FRED:DHHNGSP
2025-06-05,2.86,FRED:DHHNGSP
2025-06-06,2.68,FRED:DHHNGSP
2025-06-09,3.13,FRED:DHHNGSP
2025-06-10,2.79,FRED:DHHNGSP
2025-06-11,2.73,FRED:DHHNGSP
2025-06-12,2.90,FRED:DHHNGSP
2025-06-13,2.65,FRED:DHHNGSP
2025-06-16,2.90,FRED:DHHNGSP
2025-06-17,2.90,FRED:DHHNGSP
2025-06-18,3.43,FRED:DHHNGSP
2025-06-19,,FRED:DHHNGSP
2025-06-20,3.09,FRED:DHHNGSP
2025-06-23,3.50,FRED:DHHNGSP
2025-06-24,3.30,FRED:DHHNGSP
2025-06-25,3.26,FRED:DHHNGSP
2025-06-26,3.23,FRED:DHHNGSP
2025-06-27,3.23,FRED:DHHNGSP
2025-06-30,3.26,FRED:DHHNGSP
2025-07-01,3.14,FRED:DHHNGSP
2025-07-02,3.10,FRED:DHHNGSP
2025-07-03,3.24,FRED:DHHNGSP
2025-07-04,,FRED:DHHNGSP
2025-07-07,3.24,FRED:DHHNGSP
2025-07-08,3.20,FRED:DHHNGSP
2025-07-09,3.08,FRED:DHHNGSP
2025-07-10,3.11,FRED:DHHNGSP
2025-07-11,3.22,FRED:DHHNGSP
2025-07-14,3.21,FRED:DHHNGSP
2025-07-15,3.31,FRED:DHHNGSP
2025-07-16,3.42,FRED:DHHNGSP
2025-07-17,3.52,FRED:DHHNGSP
2025-07-18,3.50,FRED:DHHNGSP
2025-07-21,3.50,FRED:DHHNGSP
2025-07-22,3.16,FRED:DHHNGSP
2025-07-23,3.08,FRED:DHHNGSP
2025-07-24,3.13,FRED:DHHNGSP
2025-07-25,3.10,FRED:DHHNGSP
2025-07-28,3.12,FRED:DHHNGSP
2025-07-29,3.08,FRED:DHHNGSP
2025-07-30,2.98,FRED:DHHNGSP
2025-07-31,2.99,FRED:DHHNGSP
2025-08-01,3.00,FRED:DHHNGSP
2025-08-04,2.89,FRED:DHHNGSP
2025-08-05,2.98,FRED:DHHNGSP
2025-08-06,3.02,FRED:DHHNGSP
2025-08-07,3.05,FRED:DHHNGSP
2025-08-08,3.03,FRED:DHHNGSP
2025-08-11,3.05,FRED:DHHNGSP
2025-08-12,2.93,FRED:DHHNGSP
2025-08-13,2.95,FRED:DHHNGSP
2025-08-14,2.78,FRED:DHHNGSP
2025-08-15,2.98,FRED:DHHNGSP
2025-08-18,2.96,FRED:DHHNGSP
2025-08-19,2.87,FRED:DHHNGSP
2025-08-20,2.80,FRED:DHHNGSP
2025-08-21,2.88,FRED:DHHNGSP
2025-08-22,2.76,FRED:DHHNGSP
2025-08-25,2.76,FRED:DHHNGSP
2025-08-26,2.82,FRED:DHHNGSP
2025-08-27,2.88,FRED:DHHNGSP
2025-08-28,2.90,FRED:DHHNGSP
2025-08-29,2.88,FRED:DHHNGSP
2025-09-01,,FRED:DHHNGSP
2025-09-02,2.70,FRED:DHHNGSP
2025-09-03,3.00,FRED:DHHNGSP
2025-09-04,3.11,FRED:DHHNGSP
2025-09-05,3.05,FRED:DHHNGSP
2025-09-08,3.10,FRED:DHHNGSP
2025-09-09,3.12,FRED:DHHNGSP
2025-09-10,2.89,FRED:DHHNGSP
2025-09-11,2.81,FRED:DHHNGSP
2025-09-12,2.86,FRED:DHHNGSP
2025-09-15,3.00,FRED:DHHNGSP
2025-09-16,3.07,FRED:DHHNGSP
2025-09-17,3.19,FRED:DHHNGSP
2025-09-18,3.10,FRED:DHHNGSP
2025-09-19,2.89,FRED:DHHNGSP
2025-09-22,2.90,FRED:DHHNGSP
2025-09-23,2.86,FRED:DHHNGSP
2025-09-24,2.88,FRED:DHHNGSP
2025-09-25,2.98,FRED:DHHNGSP
2025-09-26,2.90,FRED:DHHNGSP
2025-09-29,2.93,FRED:DHHNGSP
2025-09-30,3.12,FRED:DHHNGSP
2025-10-01,3.24,FRED:DHHNGSP
2025-10-02,3.32,FRED:DHHNGSP
2025-10-03,3.19,FRED:DHHNGSP
2025-10-06,3.32,FRED:DHHNGSP
